,Amount,Frequency,Recency
0,0.0,2,325
1,4310.0,182,1
2,1797.24,31,74
3,1757.55,73,18
4,334.4,17,309
5,1545.41,95,35
6,89.0,4,203
7,1079.4,58,231
8,459.4,13,213
9,2811.43,59,22
10,6207.67,131,32
11,1168.06,19,1
12,6245.53,254,7
13,2662.06,129,51
14,189.9,10,286
15,5154.58,274,2
16,552.0,23,109
17,1313.1,85,7
18,320.69,23,290
19,168.9,11,3
20,3545.69,167,50
21,1887.96,63,44
22,1298.04,52,71
23,364.6,14,310
24,742.9300000000001,33,24
25,455.42,18,2
26,1628.12,77,314
27,4008.62,219,129
28,850.29,41,81
29,2720.56,105,21
30,1803.96,91,4
31,1839.31,100,184
32,566.16,30,28
33,401.9,10,337
34,2780.66,100,15
35,549.84,32,79
36,460.89,100,21
37,1582.6000000000001,64,71
38,1272.48,27,63
39,2998.28,159,15
40,2409.9,126,35
41,1635.6599999999999,85,45
42,1108.65,59,118
43,84.3,5,302
44,225.6,11,322
45,409.7,6,49
46,1710.39,54,148
47,3280.75,108,21
48,1708.1200000000001,77,49
49,2842.57,113,32
50,11056.93,114,78
51,681.0799999999999,28,300
52,1226.88,61,74
53,694.15,40,66
54,562.41,18,216
56,3578.8,198,2
57,668.58,34,112
58,600.39,29,63
59,806.27,46,15
60,803.5600000000001,39,95
61,1849.11,126,0
62,1760.96,30,162
63,777.2,36,77
64,582.73,30,194
65,708.37,35,11
66,7877.2,300,25
67,3750.4,97,8
68,256.4,11,42
69,6416.39,240,35
70,5059.32,108,42
71,13375.87,420,0
72,765.19,54,84
73,7829.89,36,79
74,509.01,16,99
75,4896.66,201,1
76,2906.85,98,13
77,173.55,11,366
78,172.06,12,2
79,5005.46,177,20
80,133.4,4,21
81,1002.3100000000001,58,57
82,476.49,26,242
83,449.45,22,43
84,4067.29,191,21
85,197.88,8,155
86,8933.52,355,10
87,428.57,23,16
88,707.09,43,133
89,5.684341886080802e-14,30,52
90,2466.86,90,72
91,3153.89,129,43
92,1917.78,68,57
93,947.4,38,70
94,826.88,35,93
95,1124.01,72,1
96,1303.63,88,45
97,1212.05,29,9
98,733.89,51,7
99,724.0400000000001,40,142
101,6229.48,391,30
102,2848.23,179,28
103,7116.47,457,16
104,723.38,36,53
105,6546.58,264,0
106,13117.01,308,22
107,680.99,36,3
108,477.3,35,3
109,3281.63,154,27
110,5590.86,218,22
111,2327.13,81,16
112,4495.27,350,32
113,1298.66,55,9
114,334.93,15,335
115,5417.93,245,4
116,460.40000000000003,26,38
117,263.21000000000004,20,62
118,416.79,23,165
119,1139.3500000000001,84,9
120,1043.1,14,81
121,403.70000000000005,23,20
122,4206.27,65,22
123,2089.68,160,314
124,3723.87,147,95
125,-1126.0,1,337
126,114.0,15,17
127,-4.5,1,300
128,73.5,23,232
129,1258.06,23,133
130,398.27,69,25
131,176.5,7,283
132,982.5699999999999,33,142
133,138.03,34,65
134,586.79,36,84
135,1017.68,51,266
136,383.7,16,352
137,1312.06,26,77
138,2464.89,286,27
139,2056.89,124,0
140,340.84,18,63
141,2582.51,155,78
142,599.68,38,142
143,192.72,12,38
144,1745.57,110,1
145,4485.72,144,8
146,1316.66,71,0
147,348.71000000000004,18,81
148,1922.28,95,8
149,1623.63,68,59
150,125.22,17,14
151,349.83000000000004,16,29
152,1089.18,63,130
153,716.35,34,91
154,4106.82,273,7
155,363.95,21,28
156,3852.5,274,21
157,13309.039999999999,481,19
158,981.18,52,29
159,355.7,20,29
160,1000.39,50,74
161,1141.5,70,46
162,207.79999999999998,8,197
163,95.19999999999999,5,165
164,964.83,57,78
165,168.0,10,357
166,437.82,20,38
167,3652.25,196,7
168,603.71,121,49
169,11990.960000000001,33,15
170,1.0658141036401503e-14,22,1
171,536.21,22,310
172,2101.39,111,4
173,238.85,16,302
174,3781.7400000000002,168,7
175,456.9,21,260
176,131.17,10,281
177,346.7,20,72
178,9114.94,463,22
179,4064.9900000000002,191,1
180,519.61,34,39
181,1004.72,62,8
182,160.54000000000002,28,226
183,218.45,11,315
184,1306.98,89,35
185,595.4,148,34
186,2753.36,120,20
187,410.72,31,72
188,415.7,24,246
189,197.71,15,39
190,511.36,22,238
191,7187.34,251,2
192,1893.95,126,3
193,1982.81,97,233
194,179.94000000000003,12,16
195,144.0,4,7
196,214.89999999999998,10,38
197,646.68,35,28
198,9861.38,70,189
199,452.84999999999997,26,316
200,437.6,18,91
201,418.09999999999997,21,108
202,3320.2200000000003,119,37
203,618.27,27,50
204,3683.13,214,18
205,3002.68,133,9
206,1032.58,62,28
207,2581.04,65,28
208,569.5600000000001,29,189
209,153.12,12,58
210,739.1999999999999,3,21
211,254.18,16,78
212,-7.5,3,364
213,3.552713678800501e-15,202,57
214,1126.85,60,77
215,2057.99,111,22
216,1193.32,65,51
217,643.59,21,57
218,3218.98,163,30
219,315.6,20,277
220,2291.19,105,1
221,657.25,36,84
222,355.53,42,28
223,177.31,11,21
224,3214.81,95,15
225,1339.41,92,14
226,13612.07,474,1
227,180.1,11,231
228,305.1,18,275
229,641.13,38,105
230,2614.32,91,211
231,6388.35,307,22
232,4478.53,230,10
233,769.61,43,3
234,1270.88,64,9
235,640.5,31,56
236,2140.63,103,58
237,1689.18,101,89
238,5953.25,394,66
239,671.69,39,32
240,486.1,22,238
241,1174.58,53,23
242,185.9,10,114
243,1013.26,47,24
244,3344.64,24,127
245,477.91,31,129
246,1755.38,74,33
247,1346.97,45,4
248,3669.92,128,21
249,318.05,21,154
250,603.71,33,106
251,314.44,20,2
252,114.0,9,334
253,914.53,51,321
254,2209.85,43,148
255,601.98,38,10
256,3982.72,130,16
257,1152.06,56,10
258,686.05,36,18
259,91.68,5,29
260,245.1,13,10
261,3817.08,232,0
262,4863.88,38,7
263,61.75,4,324
264,-227.44,2,358
265,620.13,33,57
266,3743.18,168,6
267,1607.73,102,150
268,2986.15,94,9
269,225.89999999999998,10,329
270,610.52,42,4
271,1919.31,91,11
272,1331.39,45,24
274,1058.67,56,51
275,862.81,52,0
276,13677.59,646,14
277,12288.22,525,3
278,8221.09,362,3
279,2283.63,105,7
280,2863.08,157,27
281,89.14,7,371
282,4873.8099999999995,171,113
283,1247.61,72,25
284,389.01,16,205
285,1035.8,32,27
286,830.96,41,120
287,869.67,37,69
288,582.1,27,6
289,939.02,43,20
290,4867.99,270,7
291,797.71,53,79
292,219.0,12,19
293,274.7,22,63
294,2220.84,90,6
295,6814.24,348,14
296,603.42,33,291
297,2616.32,174,29
298,9294.1,257,2
299,1130.57,79,96
300,4241.63,142,22
301,848.55,38,0
302,4708.86,259,8
303,353.86,21,105
304,1053.49,69,3
305,980.98,56,150
306,238.25,19,70
307,608.1,42,4
308,5713.28,359,2
309,2628.98,164,31
310,904.33,57,84
311,725.07,69,3
312,1031.41,53,4
313,427.8,24,370
314,2609.1,124,27
315,3947.7,141,10
316,836.33,46,70
317,453.01,26,113
319,236.26000000000002,12,179
320,383.95,22,233
321,110.39999999999999,4,352
322,779.5699999999999,43,314
323,234.0,4,332
324,155.35,11,371
325,1013.04,38,77
326,427.6,27,63
327,546.43,134,133
328,9120.39,229,51
329,4196.01,103,1
331,3868.2,231,3
332,275.88,15,128
333,4366.78,53,80
335,2949.12,65,235
336,2203.2,6,249
337,112.07999999999998,4,86
338,4227.7,377,15
339,2791.59,97,116
340,1531.44,95,51
341,1898.52,69,7
342,494.08,18,137
343,1693.88,45,316
344,6989.63,310,3
345,1143.6,32,238
346,1351.45,12,210
347,892.47,55,59
348,1351.24,67,16
349,804.23,51,19
350,3868.7,159,20
351,707.72,30,20
352,2273.32,107,4
353,1603.87,86,1
354,574.42,59,8
355,305.71,15,2
356,463.66,20,9
357,91.85,4,64
358,324.92,21,191
359,192.60000000000002,2,373
360,400.53999999999996,25,256
361,545.48,24,334
362,860.41,45,52
363,430.48,14,18
364,194.18,17,359
365,6977.04,8,9
366,412.58,26,183
367,483.65000000000003,28,36
368,484.36,26,167
369,514.85,31,260
370,229.64000000000001,15,44
371,125.92,2,101
372,1063.46,47,147
373,572.2,29,95
374,166.04,4,280
375,1517.88,16,177
376,942.34,59,2
377,92.72,6,213
378,918.98,47,70
379,1759.5,5,74
380,397.12,25,59
381,1468.1200000000001,94,2
382,430.15000000000003,25,5
383,1018.71,56,2
384,253.05,12,321
385,6748.4,39,37
386,215.05,9,261
387,383.03,27,31
388,417.38,24,144
389,312.38,18,282
390,2612.86,175,58
391,134.1,12,172
392,683.13,123,33
393,5583.62,316,2
394,2714.27,116,143
395,3876.4,439,4
396,1118.99,34,69
397,1680.76,108,65
398,325.96000000000004,52,28
399,354.09,27,266
400,871.54,91,21
401,1050.8899999999999,51,30
402,135.18,50,96
403,299.75,20,289
404,1881.7,84,107
405,1289.15,115,78
406,38.1,3,372
407,2162.68,317,7
408,1106.4,46,210
409,504.2,6,51
410,147.12,3,137
411,1548.07,96,25
412,559.12,26,282
413,3986.22,551,25
414,1607.0600000000002,107,185
415,-14.899999999999999,2,365
416,380.64,11,83
417,599.97,66,326
418,374.0,4,281
419,343.2300000000001,2,142
420,2218.02,85,57
421,1535.77,154,3
422,841.64,49,17
423,552.5699999999999,12,44
424,298.0,7,275
425,1463.04,13,8
426,703.47,42,24
427,309.05,7,87
428,1158.27,72,62
429,1351.09,86,67
430,313.77,7,213
431,380.46999999999997,82,23
432,331.0,3,185
433,188.14,34,30
434,347.3,24,41
435,216.5,4,204
437,138.68,10,264
438,509.58,72,17
439,2919.81,63,11
440,246.0,4,58
441,2128.83,96,39
442,3075.04,75,22
443,1662.3,24,2
444,2483.63,50,4
445,363.65,22,148
446,2982.35,109,138
447,594.0,2,127
448,1301.44,52,7
449,164.23,28,16
451,405.38,28,160
452,176.97,29,63
453,929.95,31,87
454,694.05,45,4
455,2062.7000000000003,84,34
456,105.1,9,121
457,409.9,27,77
459,606.28,107,23
460,2156.45,130,1
461,1012.9,63,16
462,1504.27,120,14
463,114.14,9,25
464,11581.8,47,63
465,876.29,103,45
466,683.9,75,130
467,-3.75,1,300
468,604.51,30,35
469,462.95,23,287
470,1407.29,103,143
471,2053.7,118,15
472,4143.02,219,30
473,1843.0,23,1
474,1042.07,65,8
475,1382.8400000000001,80,5
476,329.85,17,9
477,4734.26,183,0
478,108.07,19,305
479,3979.04,244,3
480,266.39,16,6
481,1841.03,96,7
482,771.91,109,88
483,160.18,10,9
484,1194.75,33,2
485,135.95,5,111
486,452.24,151,6
487,10930.26,308,3
488,144.8,8,197
489,738.6,22,211
490,39.239999999999995,9,155
491,7092.06,24,155
492,372.21999999999997,20,29
493,377.2,34,239
494,97.5,4,18
495,1215.6200000000001,78,0
496,545.0,30,73
497,535.32,92,291
498,6854.51,68,2
499,409.5,13,30
500,503.76,31,22
501,414.76,27,22
502,902.22,73,3
503,200.72,5,77
504,1197.94,67,21
505,455.88,28,195
506,534.85,31,106
507,9797.92,342,3
508,120.94999999999999,7,317
509,149.05,6,105
510,5613.43,409,11
511,468.95,29,173
512,81.57,4,55
513,178.46999999999997,15,322
514,50.550000000000004,3,371
515,1311.6200000000001,107,8
516,4786.99,222,0
517,3365.43,124,2
518,3346.28,176,52
519,789.89,47,72
520,204.0,1,6
521,7272.75,459,15
522,2584.4,134,3
523,689.9,40,63
524,936.15,43,0
525,6912.0,26,113
526,659.68,47,22
527,1247.5,10,30
528,799.48,99,10
529,996.52,75,38
530,190.55,11,356
531,642.77,37,54
532,886.63,30,57
533,881.07,48,137
534,908.46,28,79
535,676.99,43,8
536,471.57,14,253
537,560.47,33,290
538,305.28000000000003,18,98
539,629.31,35,30
540,3079.1,196,31
541,1805.91,137,13
542,656.6800000000001,14,63
543,5684.61,422,8
544,348.15000000000003,18,211
545,1201.96,78,63
546,271.40000000000003,8,24
547,183.4,8,249
548,307.53,15,253
549,248.61,10,71
550,346.98,11,190
551,1119.49,69,12
552,205.86,14,372
553,430.9,49,23
554,115.46000000000001,15,81
555,344.0,2,9
556,3717.82,470,0
557,228.8,9,191
558,177.15,7,266
559,919.61,22,129
560,729.27,112,0
561,12432.28,380,0
562,220.10000000000002,6,3
563,58.08,6,178
565,3595.48,75,125
566,303.75,18,3
567,272.38,29,157
569,8689.39,161,8
570,319.82,24,20
571,459.83,26,70
572,7741.47,170,266
573,1708.8600000000001,30,20
574,74.39999999999999,6,70
575,5893.32,437,32
577,207.35999999999999,1,98
578,101.19,8,233
579,6336.29,310,0
580,243.94,8,39
581,1098.48,20,2
582,59.5,2,128
583,1524.07,60,43
584,350.06,10,372
585,766.84,50,2
586,1452.8700000000001,146,30
587,10510.0,280,0
588,2205.63,132,8
589,485.19,31,116
590,984.91,76,21
591,1125.0,82,19
592,30.599999999999998,1,238
593,254.73,53,268
594,922.39,55,93
595,3866.33,235,89
596,2056.29,142,4
597,259.17,15,77
598,64.0,2,93
599,1039.3,46,22
600,77.3,3,261
601,109.8,7,273
602,1740.63,105,72
603,3096.0,1,196
604,2545.38,139,49
605,3605.08,705,10
606,962.39,63,21
607,5055.79,174,15
608,423.72,46,107
609,2385.8,136,84
610,307.09,23,18
611,110.95,3,332
612,614.77,7,39
613,228.91,17,25
614,712.8000000000001,4,9
615,3348.48,347,28
616,1676.06,86,13
617,1250.3700000000001,75,202
618,486.22,15,5
619,-611.86,1,143
620,971.76,85,32
621,1721.57,89,48
622,1201.06,79,94
623,1379.75,122,8
624,91.8,4,21
625,112.75,8,312
626,1644.99,82,121
627,1021.48,42,45
628,414.7,42,281
629,791.33,65,18
630,1310.14,133,35
631,712.88,13,63
632,116.00999999999999,32,26
633,426.81,48,7
634,353.65,43,3
635,2817.03,314,15
636,492.84,72,45
637,282.45,17,64
638,5725.47,265,25
639,121.18,11,44
640,3957.78,94,7
641,1648.79,183,14
642,71.4,1,267
643,1539.69,84,39
644,236.02,37,336
645,114.60000000000001,2,10
646,260.68,29,18
647,911.94,63,94
648,117.88,29,60
649,60.7,3,135
650,1797.78,110,10
651,3384.09,229,9
652,9803.96,120,3
653,870.09,46,18
654,869.46,57,9
655,250.26000000000002,8,14
656,1205.9,150,58
657,5820.16,329,29
658,353.48,22,93
659,1197.42,56,9
660,780.58,143,8
661,1518.43,92,56
662,333.74,5,267
663,133.62,7,121
664,62.63999999999999,5,126
665,819.2900000000001,21,77
666,847.41,66,239
667,163.20000000000002,5,199
668,2150.85,109,59
669,6083.04,34,2
670,108.21000000000001,16,272
671,257.7,9,201
672,358.0,2,80
673,160.95,10,225
674,2763.41,612,3
675,1357.6,207,12
676,605.12,43,73
677,101.17000000000007,59,211
678,727.27,39,24
679,680.83,32,10
680,329.56,22,261
681,663.65,67,95
682,270.40000000000003,13,111
683,600.07,58,202
684,121.74000000000001,27,92
685,430.5,16,50
686,1922.1,143,17
687,501.12,25,17
688,465.68,26,124
689,711.41,23,91
690,1030.4,36,156
691,390.66,14,3
692,0.0,1,13
693,698.58,38,11
694,292.32,87,61
695,557.62,8,60
696,944.1,9,268
697,200.29,11,262
699,2107.66,91,52
700,3717.67,202,10
701,4404.44,224,2
702,3167.64,447,17
703,5315.92,320,0
704,590.0,1,365
705,178.26,101,36
706,276.56,15,30
707,138.98,16,112
708,590.9300000000001,30,63
709,258.4,8,15
710,542.73,46,40
711,126.30000000000001,11,63
712,814.86,85,121
713,1047.8400000000001,40,17
714,93.66,7,59
715,196.15,14,322
716,2709.12,187,22
717,361.11,42,155
718,578.9399999999999,31,38
719,873.74,54,189
720,197.95000000000002,11,359
721,87.4,5,136
722,2089.85,59,7
723,360.0,2,0
724,142.5,5,267
725,365.29,22,164
726,618.09,81,103
727,63.75,1,154
728,300.42,21,350
729,2000.86,81,3
730,15.0,1,119
731,1367.6100000000001,57,22
732,1456.79,107,6
733,1083.63,77,8
734,598.57,26,3
735,1555.32,78,21
736,578.66,75,1
737,5815.49,88,36
738,2140.07,135,63
739,640.76,20,0
740,10664.34,500,4
741,1491.7,110,69
742,567.36,11,71
743,199.48000000000002,25,16
744,787.85,21,2
745,7072.8,77,31
746,675.3,12,81
747,3617.57,109,38
748,1308.48,17,315
749,740.4,19,31
750,1140.93,53,92
751,350.9,21,13
752,3536.82,268,81
753,795.12,51,76
754,431.82,24,153
755,860.12,54,200
756,10736.48,134,44
757,775.85,42,260
758,303.93,22,172
759,2543.72,119,67
760,377.6,22,276
761,341.36,8,69
762,233.76,14,63
763,247.32,16,10
764,910.72,43,15
765,373.94,16,65
766,389.28,27,7
767,743.53,51,70
768,674.7,32,121
769,768.24,42,79
770,609.95,90,256
771,439.03,29,268
772,431.26,24,58
773,3085.4900000000002,169,2
774,992.5,60,17
775,0.0,20,66
776,2191.22,132,8
777,56.160000000000004,1,49
778,623.4,29,256
779,263.75,19,353
780,721.32,44,365
781,378.64,23,89
782,3312.25,158,60
783,772.9,38,80
784,1019.76,53,98
785,572.56,97,25
786,3626.81,173,20
787,222.99,15,280
788,4122.28,155,30
789,534.57,35,329
790,627.15,36,120
791,797.96,51,10
792,544.08,13,74
793,59.8,1,203
794,2312.8,164,1
795,307.72,21,184
796,1325.29,47,21
797,1539.18,39,72
798,457.34,26,191
799,621.23,39,126
800,75.0,3,17
801,252.49,11,0
802,572.451,27,73
804,988.91,30,8
805,213.55,18,106
806,1390.5,24,133
807,712.5,19,43
808,640.83,28,4
809,5845.44,314,11
810,221.06,16,63
811,140.35,10,134
812,1848.98,105,39
813,2601.55,128,50
814,1624.21,78,107
815,3550.7000000000003,159,0
816,582.6,29,18
817,218.47,74,9
818,1006.8,67,10
819,648.6899999999999,54,18
820,1269.1,46,66
821,534.24,10,73
822,3794.4900000000002,103,4
823,196.89,12,1
824,3408.06,167,13
825,283.71,54,254
826,296.64,13,91
827,1104.23,62,22
828,3465.67,199,16
829,291.88,19,23
830,2043.7199999999998,71,26
831,2916.45,444,25
832,590.0,2,258
833,356.97999999999996,17,165
834,1007.35,53,24
835,1737.8200000000002,65,17
836,9537.92,394,6
837,183.44,17,28
838,1445.0,27,38
839,143.25,10,182
840,674.68,41,57
841,297.95,18,99
842,1083.71,99,10
843,5656.75,306,1
844,165.0,10,98
845,2531.58,260,0
846,417.54,22,60
847,229.59,64,235
848,1431.78,86,190
849,1092.77,61,178
850,1441.53,81,37
851,291.0,16,197
852,1776.81,112,45
853,184.64,11,231
854,140.34,10,65
855,313.8,8,240
856,454.24,23,232
857,1122.41,69,77
858,575.4,34,57
859,8910.61,427,16
860,449.52,14,104
861,1215.82,86,51
862,1269.84,50,135
863,618.63,8,274
864,316.26000000000005,18,311
865,1990.1200000000001,52,7
866,617.93,36,10
867,321.05,20,282
868,1146.96,45,17
869,1136.77,67,22
870,1310.47,53,242
871,292.0,18,16
872,216.85,17,70
873,295.93,22,63
874,4282.88,227,67
875,452.82,29,311
876,2479.16,162,2
877,110.97,12,243
878,979.72,44,8
879,1785.16,117,0
880,251.21,15,260
881,205.1,10,126
882,152.20000000000002,4,73
883,891.12,59,72
884,1389.41,44,20
885,2109.07,143,59
886,659.4399999999999,38,85
887,110.80000000000001,9,49
888,3487.75,95,58
889,1093.65,436,0
890,125.80000000000001,5,29
891,3755.38,177,32
892,680.1800000000001,27,40
893,628.78,6,14
894,2263.76,224,33
895,307.76,15,78
896,483.8,22,204
897,210.31,66,33
898,270.79,76,182
899,5613.08,342,1
900,3448.29,179,0
901,1280.85,25,42
902,605.84,38,85
903,291.41,87,39
904,626.99,98,11
905,682.41,124,95
906,916.12,52,25
907,91.80000000000001,4,318
908,3539.53,121,65
909,4149.28,136,73
910,584.06,34,27
911,605.06,175,5
912,174.37,33,6
913,141.85999999999999,14,215
914,1799.33,82,81
915,777.53,49,83
916,647.74,85,143
917,240.22,38,18
918,874.71,176,40
919,192.85,44,172
920,373.75,85,16
921,239.49,27,242
922,2092.32,341,12
923,1384.25,33,205
924,294.4,26,49
925,732.0699999999999,46,22
926,6703.3,130,9
927,1658.3,85,24
928,467.04,23,14
929,118.0,10,308
930,781.03,53,155
931,142.4,24,306
932,347.0,11,31
933,2445.12,180,15
934,379.65,21,14
935,1976.12,89,10
936,1117.13,58,64
937,247.95999999999998,16,35
938,1990.28,129,107
939,396.97,26,52
940,697.04,166,5
941,167.42000000000002,41,46
942,5030.6,264,0
943,219.52,19,311
944,693.32,99,44
945,428.89,23,64
946,164.34,27,25
947,280.53999999999996,43,28
948,678.01,98,39
949,1115.43,228,11
950,1158.2,76,88
951,1610.46,201,23
952,399.99,24,312
953,544.18,44,39
954,177.34,13,173
955,213.85,19,116
956,672.44,86,30
957,257.23,19,252
958,1624.02,94,58
959,7792.36,59,22
960,1995.68,80,4
961,3021.77,12,99
962,2117.02,147,24
963,1575.16,188,32
964,1071.03,62,67
965,941.62,64,36
966,810.5,101,51
967,122.64,8,15
968,1033.34,40,73
969,354.8,66,215
970,519.44,28,30
971,2597.52,148,8
972,252.1,5,119
973,1670.22,80,9
974,346.6,23,256
975,1809.34,98,16
976,94.2,6,34
977,1095.08,63,45
978,2707.33,166,42
979,932.97,56,113
980,379.65,49,164
981,382.14,16,10
982,2421.47,112,9
983,1550.85,108,196
984,879.08,58,85
985,189.47,13,178
986,84.65,12,59
987,305.02,87,148
988,6216.07,501,2
989,218.55,9,50
990,349.7,25,74
991,-71.46,16,300
992,396.92,65,18
993,486.82000000000005,25,150
994,232.6,16,151
995,2202.31,216,0
996,827.83,57,17
997,59.5,3,186
998,64.23,31,285
999,3119.44,39,2
1000,72.0,8,182
1001,910.0,6,62
1002,172.25,9,58
1003,1466.8700000000001,55,24
1004,-32.0,4,324
1006,2504.13,90,30
1007,151.29999999999998,12,38
1008,308.58000000000004,14,154
1009,2265.12,197,25
1010,99.5,1,317
1011,2295.31,135,4
1012,711.86,28,7
1013,330.79,20,302
1014,806.41,48,266
1015,296.88,51,270
1016,6249.110000000001,346,3
1017,180.48,8,31
1018,252.06,13,218
1019,228.84,10,246
1020,1053.94,108,280
1021,138.28,21,268
1022,1432.26,103,31
1023,306.55,12,245
1024,1041.68,60,14
1025,799.9,43,116
1026,524.14,28,35
1027,2369.16,86,119
1028,199.85000000000002,6,216
1029,1809.81,118,49
1030,1079.6599999999999,42,38
1031,333.48,20,28
1032,1016.14,63,36
1033,752.6,43,135
1034,610.59,38,218
1035,491.86,33,27
1036,2766.18,208,24
1037,724.0,194,4
1038,339.59999999999997,30,199
1039,216.9,3,17
1040,350.75,23,240
1041,666.33,35,71
1042,3102.42,323,16
1043,1340.1499999999999,42,2
1044,1156.36,72,94
1045,291.54,26,150
1046,79.6,1,373
1047,948.25,28,95
1048,1647.26,24,53
1049,296.25,9,287
1050,1186.28,76,123
1051,741.26,35,287
1052,282.59999999999997,12,151
1053,2154.68,343,3
1054,5145.12,143,1
1055,3190.55,117,11
1056,659.4100000000001,25,32
1057,286.79,57,53
1058,1070.65,70,49
1059,3.552713678800501e-15,14,203
1060,1689.46,17,62
1061,1521.76,208,70
1063,2771.87,143,1
1064,2631.7,120,63
1065,1132.13,177,33
1066,345.0,22,81
1068,178.7,9,102
1069,360.01,57,6
1070,127.84,17,250
1071,912.0,115,12
1072,2462.79,31,9
1073,230.39999999999998,7,366
1074,309.04,31,75
1075,348.8,45,3
1076,1047.68,17,42
1077,195.55,13,65
1079,688.86,39,116
1080,558.32,33,309
1081,324.8,23,66
1082,3906.27,66,137
1083,277.07,17,254
1084,2635.79,137,30
1085,924.6,13,51
1086,256.38,10,63
1087,112.6,7,366
1088,1747.66,76,5
1089,155.05,12,304
1090,899.51,36,28
1091,591.75,14,183
1092,539.0,36,41
1093,1353.41,71,39
1094,1562.12,58,55
1095,4014.91,177,21
1096,555.04,33,23
1097,382.98,24,28
1098,1140.35,36,301
1099,385.64,59,144
1100,632.0,96,5
1101,957.66,40,18
1102,1698.94,46,32
1103,174.65,12,157
1104,412.05,93,57
1105,209.49,15,21
1106,-102.0,1,358
1107,2202.99,74,15
1108,40.949999999999996,4,17
1109,384.8,29,158
1110,834.57,55,24
1111,271.24,19,211
1112,691.73,174,5
1113,85.0,1,252
1114,3385.62,206,58
1115,361.62,20,10
1116,312.98,9,64
1117,847.61,58,24
1118,1255.0,5,91
1119,1537.95,101,51
1120,1586.81,94,87
1121,2651.46,81,95
1122,1056.94,24,8
1123,8025.0199999999995,114,8
1124,363.4,17,168
1125,216.17,11,56
1126,201.16,28,325
1127,1240.0,77,0
1128,2187.31,142,17
1129,299.56,22,244
1130,501.56,30,57
1131,145.67000000000002,7,73
1132,1015.29,61,30
1133,3192.54,33,6
1134,3104.95,307,122
1135,2751.25,118,1
1136,6389.8,338,22
1137,381.7,24,119
1138,540.45,18,357
1139,1786.79,104,53
1140,122.7,7,63
1141,117.24,3,85
1142,1281.53,36,54
1143,3219.77,165,20
1145,1131.28,66,2
1146,2538.75,155,0
1147,781.3000000000001,60,6
1148,506.8,28,188
1149,243.56,16,70
1150,349.55,19,203
1151,605.63,40,119
1152,416.90000000000003,15,92
1153,1860.8600000000001,114,0
1154,632.97,27,26
1155,821.1,21,297
1156,535.97,30,21
1157,2588.12,119,20
1158,311.16,17,49
1159,155.93,12,325
1160,388.52,19,15
1161,740.95,43,182
1162,2867.2,149,71
1163,332.64,26,36
1164,2347.05,126,79
1165,2580.91,148,56
1166,613.95,34,3
1167,272.04,18,49
1168,1212.8400000000001,30,49
1169,350.15999999999997,33,52
1170,172.25,7,351
1171,351.13,20,53
1172,1682.08,137,1
1173,616.65,45,35
1174,223.85000000000002,11,22
1175,348.99,21,74
1176,464.57,27,10
1177,802.85,10,168
1178,337.34,17,57
1179,1230.93,59,85
1180,307.4,16,294
1181,608.7900000000001,23,108
1182,922.1,31,263
1183,361.28,27,170
1184,158.85,9,168
1185,71.66,7,34
1186,556.75,46,22
1187,839.14,49,16
1188,4912.41,47,21
1189,561.5699999999999,11,78
1190,90.6,5,64
1191,102.0,3,360
1192,2427.32,160,2
1193,728.56,36,10
1194,674.45,39,175
1195,3246.091,138,210
1196,3515.68,20,6
1197,378.59,30,1
1198,322.96,33,153
1199,1026.42,152,4
1200,-102.45,5,371
1201,598.2,92,78
1202,230.22,12,20
1203,169.55,11,21
1204,664.54,35,307
1205,80.7,2,145
1206,8986.69,633,6
1207,2702.2200000000003,158,8
1208,190.25,15,70
1209,264.7,11,286
1210,413.59000000000003,28,48
1211,2503.23,340,30
1212,357.98,10,206
1213,196.79000000000002,15,14
1214,869.87,54,72
1215,200.14,11,59
1216,1861.11,115,38
1217,2590.46,112,29
1218,488.03,17,26
1219,7024.53,353,3
1220,320.46,13,16
1221,4098.8,239,19
1222,1266.08,41,65
1223,311.3,16,212
1224,850.63,86,11
1225,76.8,5,29
1226,3409.66,125,31
1227,2313.14,155,3
1228,1383.49,87,14
1229,3865.26,212,9
1230,633.71,16,205
1231,2030.3300000000002,40,45
1232,529.73,47,133
1233,4582.64,171,42
1234,2874.72,84,9
1235,962.19,30,115
1236,685.9300000000001,44,197
1237,328.8,11,277
1238,473.02,34,109
1239,505.18,39,76
1240,917.34,20,52
1241,4328.46,162,153
1242,1398.96,68,46
1243,642.8,39,16
1244,631.9,22,154
1245,440.0,28,224
1246,584.07,31,6
1247,327.7,16,121
1248,104.82,6,60
1249,467.66,15,62
1250,2360.09,243,17
1252,2929.84,152,1
1253,512.02,92,21
1254,1428.02,66,28
1255,626.65,38,284
1256,147.20000000000002,28,175
1257,1554.48,93,77
1258,152.2,6,32
1259,3542.19,241,40
1260,141.41,21,265
1261,652.82,209,26
1262,1659.75,6,108
1263,154.99,14,283
1264,1290.01,34,8
1265,375.13,88,276
1266,5639.15,505,16
1267,746.36,54,31
1269,225.36,56,19
1270,260.25,4,123
1271,92.46,6,64
1272,725.6400000000001,10,105
1274,6147.4,291,23
1275,183.6,8,266
1276,6135.38,203,4
1277,10464.85,111,9
1278,1188.32,82,28
1279,152.55,7,266
1280,374.7,52,63
1281,265.85,24,319
1282,1307.41,333,3
1283,139.54,14,20
1284,942.26,43,4
1285,122.47,46,128
1286,499.41999999999996,42,40
1287,1049.37,65,101
1288,375.1,12,124
1289,45.599999999999994,4,32
1290,904.67,156,266
1291,182.25,29,364
1292,1018.43,181,3
1293,4435.79,451,1
1294,181.67,70,2
1296,161.0,14,56
1297,76.32000000000001,1,324
1298,4063.1,217,7
1299,442.85,105,11
1301,147.35,21,36
1302,3092.9700000000003,252,15
1303,194.9,26,137
1304,5976.79,35,73
1305,1314.73,84,4
1306,216.20999999999998,21,154
1307,1260.33,76,84
1308,2688.48,124,51
1309,594.16,35,30
1310,80.2,14,22
1311,5669.65,157,3
1312,688.6,11,13
1313,2774.17,173,22
1314,1377.92,40,3
1315,386.53,15,273
1316,1382.74,72,19
1317,90.0,3,143
1318,-19.9,1,353
1319,2740.3,161,3
1320,419.58000000000004,5,83
1321,2740.43,167,10
1322,643.6300000000001,16,7
1323,709.71,44,122
1324,637.5,46,60
1325,1123.8600000000001,52,1
1326,483.86,67,318
1327,3580.13,201,1
1328,590.3399999999999,30,129
1329,4690.31,134,1
1330,982.3800000000001,47,1
1331,415.82,26,45
1332,920.05,67,3
1333,879.0300000000001,46,2
1334,311.81,22,372
1335,115.8,7,133
1336,3148.2,12,46
1337,2949.57,245,8
1338,468.4,6,48
1339,157.2,3,233
1340,259.43,40,212
1341,658.64,26,35
1342,611.09,50,74
1343,1345.62,52,238
1344,118.75,6,265
1346,400.43,49,19
1347,507.66,41,39
1349,1110.52,108,215
1350,289.36,25,173
1351,2445.91,52,86
1352,1631.77,29,70
1353,122.53999999999999,25,275
1354,574.84,52,38
1355,363.79,58,97
1356,450.84,29,10
1357,134.46,26,32
1358,3108.06,164,50
1359,574.0,32,296
1360,554.46,43,84
1361,1620.93,327,8
1362,719.78,165,40
1363,4640.77,248,10
1364,452.89,24,66
1365,197.65,3,330
1366,2018.91,71,8
1367,4604.31,277,1
1368,4660.01,263,1
1369,853.39,42,67
1370,11216.75,604,4
1371,962.7,8,201
1372,335.52,6,106
1373,663.5,44,3
1374,185.39999999999998,2,217
1375,688.04,39,59
1376,161.03,44,1
1377,218.78,39,10
1378,308.26,21,238
1379,151.74,10,94
1380,2067.13,88,10
1381,1900.89,103,90
1382,2208.3,118,52
1383,1070.48,9,89
1384,-1192.2,5,371
1385,1000.23,70,30
1386,1777.92,109,11
1387,1839.3,59,2
1388,1925.3600000000001,107,1
1389,169.48000000000002,12,42
1390,89.94,7,3
1391,632.4,21,246
1392,3427.85,194,41
1393,683.17,41,176
1394,975.23,61,91
1395,1050.12,118,109
1396,2201.64,73,28
1397,3315.71,183,25
1398,1450.6,43,51
1399,822.0600000000001,54,178
1400,2043.93,118,31
1401,1447.51,36,43
1402,775.46,159,21
1403,3093.86,80,9
1404,490.86,15,80
1405,161.0,9,372
1406,146.85,8,325
1407,2323.5,116,42
1408,890.34,42,29
1409,213.70000000000002,10,183
1410,280.55,16,234
1411,2535.88,148,8
1412,1677.48,112,175
1413,1474.06,75,110
1414,136.76999999999998,20,277
1415,302.58,8,317
1416,1904.05,111,6
1417,2879.7000000000003,78,1
1418,935.0600000000001,54,253
1419,3087.27,107,50
1420,12650.08,112,8
1421,120.0,5,141
1422,1163.45,52,50
1423,2618.23,143,7
1424,319.47,19,154
1425,530.18,31,108
1426,1279.09,66,150
1427,492.65000000000003,29,331
1428,112.32,10,225
1429,437.96,33,73
1430,559.97,29,50
1431,1019.39,75,87
1432,3957.0,228,14
1433,134.04,8,196
1434,3729.34,156,2
1435,578.45,34,30
1436,1910.01,27,20
1437,4595.81,285,23
1438,151.23000000000002,11,7
1439,413.85,17,211
1440,911.26,47,8
1441,2307.4500000000003,103,10
1442,3873.3,238,1
1443,4819.33,108,7
1444,1046.56,61,2
1445,154.70000000000002,7,39
1446,1284.06,64,17
1448,2855.35,162,7
1449,43.2,3,18
1450,632.04,16,107
1451,197.1,27,222
1452,1803.76,110,70
1453,2083.42,35,50
1454,2995.72,180,88
1455,2319.68,123,7
1456,229.71,27,224
1457,1611.59,87,46
1458,120.0,8,106
1459,2456.98,104,20
1460,508.58000000000004,24,64
1461,343.11,42,206
1462,1530.75,123,10
1463,574.26,41,114
1464,166.85,9,234
1465,311.65,12,162
1466,4928.74,269,8
1467,462.65999999999997,28,123
1468,866.31,26,22
1469,351.45,19,63
1470,2539.46,163,16
1471,468.26,63,15
1472,1614.91,90,16
1473,554.22,34,157
1474,289.90999999999997,18,234
1475,134.7,6,218
1476,2166.38,130,44
1477,607.71,24,20
1478,889.9300000000001,71,126
1479,108.97999999999999,6,38
1480,1021.58,60,120
1481,409.57,18,259
1482,133.5,31,9
1483,258.7,21,270
1484,51.0,1,164
1485,1078.96,47,156
1486,90.6,6,214
1487,163.62,9,5
1488,174.4,11,365
1489,666.9399999999999,38,59
1490,225.77,41,42
1491,882.58,58,18
1492,2128.23,118,31
1493,161.2,41,21
1494,3717.35,69,108
1495,9167.82,533,7
1496,155.0,8,319
1497,100.5,4,294
1498,76.55,4,357
1499,257.68,75,184
1500,617.05,11,190
1501,348.1,46,43
1502,202.68,56,51
1503,626.0699999999999,131,25
1504,1247.69,59,37
1505,202.11,14,8
1506,142.4,7,296
1507,1770.56,140,32
1508,3172.04,191,8
1509,999.72,62,8
1510,4592.47,291,9
1511,67.95,5,217
1512,3471.91,353,1
1513,487.99,73,64
1514,2556.68,95,0
1515,559.7,26,140
1516,4039.98,183,3
1517,1426.31,26,129
1518,1434.72,104,33
1519,156.75,8,118
1520,2111.08,76,106
1521,2606.53,107,10
1522,1908.25,55,70
1523,576.3,287,15
1524,1063.0,14,310
1525,761.3299999999999,45,34
1526,122.7,23,361
1527,1485.1299999999999,98,91
1528,5811.56,612,0
1529,490.22,14,21
1530,1937.25,124,3
1531,1058.06,206,10
1532,385.87,30,84
1533,813.11,27,56
1534,4263.64,222,0
1535,265.2,3,217
1536,322.08,1,17
1537,3918.9,264,18
1538,363.34000000000003,17,49
1539,1230.14,148,6
1540,397.76,22,298
1541,2255.51,382,9
1542,1372.8,12,21
1543,89.06,9,98
1544,-43.400000000000006,6,142
1545,131.9,9,305
1546,2661.24,32,319
1547,2357.6800000000003,55,7
1548,1545.14,59,0
1549,1544.62,68,1
1550,1400.88,98,53
1551,1039.58,293,0
1552,1163.23,70,18
1553,375.35,20,8
1554,907.1,258,18
1555,483.25,40,180
1556,662.59,109,59
1557,264.44,62,10
1558,119.93,22,189
1560,113.64,4,310
1561,1837.92,37,154
1562,383.34,17,109
1563,2103.06,180,147
1564,1965.9,246,63
1565,529.62,6,97
1566,1058.6200000000001,130,246
1567,2272.4,72,28
1568,598.76,90,17
1569,461.19,43,11
1570,1936.84,281,103
1571,234.34000000000003,7,73
1572,537.71,30,42
1573,799.82,47,71
1574,215.7,19,256
1575,1307.81,11,19
1576,316.25,18,253
1577,279.05,13,10
1578,636.51,30,164
1579,2068.15,144,17
1580,129.2,10,149
1581,321.92,14,49
1582,165.75,47,38
1583,1183.58,145,26
1584,1047.43,49,50
1585,463.38,30,206
1586,340.93,17,174
1587,2362.84,123,6
1588,139.56,7,25
1589,123.8,6,50
1590,538.8100000000001,19,311
1591,457.47,31,300
1592,1957.32,193,42
1593,815.32,194,25
1594,356.85,7,87
1595,190.31,12,63
1596,2351.02,631,19
1597,3543.26,164,2
1598,673.26,107,46
1600,2012.17,316,16
1601,1368.18,98,23
1602,276.42,57,21
1603,1267.4099999999999,71,10
1604,275.28,23,187
1605,438.49,18,100
1606,1055.35,73,60
1607,2102.09,101,17
1608,330.45,18,32
1609,174.37,16,63
1610,270.6,4,1
1611,974.54,17,23
1612,241.09,12,107
1613,1867.68,203,31
1614,4221.37,298,8
1616,364.21999999999997,18,36
1617,620.04,229,59
1618,2925.91,216,25
1619,932.85,64,235
1620,1812.6200000000001,65,24
1621,4075.35,558,2
1622,2841.09,333,58
1623,171.8,19,259
1624,355.56,10,57
1625,388.25,19,64
1626,537.48,32,15
1627,996.26,76,9
1628,1461.65,111,58
1629,103.25,5,185
1630,2916.17,107,3
1631,2024.45,114,23
1632,2487.02,417,3
1633,3986.7400000000002,367,3
1634,652.8,4,150
1635,289.24,56,310
1636,765.62,48,10
1637,186.23,10,17
1638,165.07,58,151
1639,859.27,113,18
1640,2381.04,216,9
1641,324.14,21,56
1642,0.0,32,63
1643,2174.18,76,6
1644,1080.76,69,75
1645,4709.22,446,3
1646,3073.77,129,95
1647,1432.0,4,110
1648,1524.46,34,34
1649,227.39,12,0
1650,218.06,29,280
1651,2803.69,273,2
1652,1603.72,241,179
1653,35.400000000000006,1,371
1654,859.71,123,12
1655,168.63,24,2
1656,138.6,17,16
1657,114.11,6,40
1658,1052.55,330,5
1659,1029.26,101,168
1660,157.05,29,49
1661,134.16,27,226
1662,1598.24,384,18
1663,39.75,3,371
1664,1447.14,197,14
1665,570.46,164,34
1666,617.99,152,21
1667,379.83,53,6
1668,1740.6,102,19
1669,883.15,55,10
1670,221.97,50,43
1671,393.33000000000004,25,305
1672,213.96,7,10
1673,660.0,2,274
1675,11341.1,114,15
1676,1785.15,20,3
1677,601.56,4,71
1678,406.08000000000004,3,242
1679,538.59,17,8
1680,379.51,22,238
1681,393.28000000000003,30,203
1682,1765.76,96,0
1683,320.58000000000004,21,184
1684,869.35,135,31
1685,225.85,13,56
1686,848.48,57,184
1687,2757.07,126,8
1688,-21.85,5,311
1689,671.96,24,90
1690,939.21,153,3
1691,1006.98,41,50
1692,114.56,8,262
1693,344.90000000000003,20,265
1694,609.85,28,35
1695,443.6,16,50
1696,2952.34,175,51
1697,2042.15,113,15
1698,110.46,7,21
1699,96.12,2,58
1700,668.61,34,169
1701,780.46,29,8
1702,597.09,30,156
1704,243.22,30,200
1705,1417.29,199,4
1706,654.6,102,66
1707,114.18,29,76
1708,1947.55,237,0
1709,1930.15,50,3
1710,291.05,80,168
1711,838.27,127,17
1712,247.15,29,4
1713,2456.53,259,8
1714,285.74,30,86
1715,107.95,4,26
1716,771.17,168,28
1717,637.89,99,19
1718,1258.38,117,60
1719,195.25,14,23
1720,9231.2,576,10
1721,1269.99,170,241
1722,411.53,132,279
1723,765.55,61,234
1724,1736.4,74,2
1725,604.75,102,15
1726,2543.2400000000002,44,30
1727,-2.55,1,371
1729,498.95,7,70
1730,52.0,2,187
1731,1236.28,421,25
1732,628.38,15,106
1733,5107.38,359,7
1734,112.8,13,208
1735,358.61,54,43
1736,2114.33,71,30
1737,582.05,69,136
1738,172.9,8,264
1739,2070.97,133,3
1740,188.60999999999999,22,217
1741,1250.76,210,1
1742,109.13000000000001,8,213
1743,2235.3,115,31
1744,2486.2200000000003,350,10
1745,3250.64,348,0
1746,318.17,22,14
1747,1546.91,415,10
1748,179.0,1,198
1749,1096.67,29,2
1750,4911.14,197,14
1751,606.13,139,13
1752,2838.2,359,9
1753,917.07,25,28
1754,2664.2599999999998,341,8
1755,160.19,10,23
1756,867.38,71,24
1757,329.68,55,42
1758,1592.18,238,1
1759,663.81,37,5
1760,187.92000000000002,29,146
1761,1158.3,278,9
1762,718.08,52,24
1763,268.58,10,273
1764,313.49,71,373
1765,2005.06,501,0
1766,380.02,45,46
1767,2686.34,149,7
1768,9451.54,216,8
1769,5807.6900000000005,205,3
1770,1164.55,17,3
1771,1289.94,56,38
1772,3899.1,61,1
1773,1423.21,93,190
1774,1400.34,59,11
1775,1088.53,28,15
1776,1167.16,70,112
1777,294.3,19,247
1778,1311.79,92,28
1779,389.64,5,43
1780,563.15,30,86
1781,638.05,41,44
1782,4965.38,237,9
1783,738.96,38,14
1784,420.5,19,74
1785,1484.06,71,144
1786,1625.97,102,4
1787,53.8,7,293
1788,255.9,11,58
1789,300.52,21,263
1790,250.55,7,43
1791,254.11,39,28
1792,2423.07,137,7
1793,139.5,6,16
1795,876.42,52,231
1796,139.26,9,111
1797,1011.9,60,57
1798,2195.58,134,50
1799,-17.45,3,3
1800,730.86,35,126
1801,386.15,41,280
1802,447.68,27,54
1803,200.10000000000002,6,319
1804,289.99,15,25
1805,77.4,3,9
1806,679.4399999999999,30,6
1807,197.64,6,28
1808,745.06,46,16
1809,0.0,4,63
1810,214.14,15,3
1811,1272.11,82,2
1812,131.45000000000002,6,165
1814,173.74,12,52
1815,157.7,13,50
1816,4236.34,392,47
1817,193.14,59,60
1818,845.55,44,161
1819,353.27,12,8
1820,554.65,47,14
1821,193.39000000000001,11,74
1822,2175.37,256,39
1823,2087.88,255,40
1824,155.43,30,369
1825,778.5,53,36
1826,271.85,4,196
1827,1110.34,63,199
1828,657.8,48,73
1829,272.07,13,63
1830,507.29,29,20
1831,48.800000000000004,2,366
1832,321.43,70,179
1833,1127.71,29,9
1834,2226.91,121,3
1835,2139.76,17,196
1836,644.65,45,28
1837,197.13,40,52
1838,1698.35,70,17
1839,102.44999999999999,6,9
1840,1641.2,110,89
1841,62.85,4,267
1842,3295.76,138,52
1843,2456.8,158,34
1844,3189.81,130,63
1845,309.4,13,148
1846,7904.28,392,21
1847,278.15,22,311
1848,511.35,28,22
1849,2836.69,143,57
1850,463.05,10,8
1851,2749.89,131,77
1852,645.65,20,118
1853,1311.3799999999999,66,35
1854,1165.65,61,59
1855,1352.04,59,12
1856,168.62,12,8
1857,125.79,6,51
1858,841.1999999999999,48,25
1859,266.76,11,28
1860,52.2,4,6
1862,701.33,37,185
1863,2939.64,147,2
1864,721.95,72,3
1865,327.25,13,261
1866,522.38,98,2
1867,519.68,28,209
1868,1448.72,50,8
1869,1485.54,124,12
1870,706.19,47,76
1871,255.4,17,19
1872,589.7,11,26
1873,756.64,54,18
1874,765.3199999999999,15,131
1875,364.8,18,252
1876,1862.0,6,78
1877,369.2,20,206
1878,135.9,10,335
1879,125.65,7,253
1880,554.38,33,147
1881,1237.8500000000001,73,9
1882,655.75,23,84
1883,11020.26,506,7
1884,468.77000000000004,43,204
1885,1366.38,55,7
1886,1228.32,119,22
1887,1414.99,98,10
1888,314.11,24,20
1889,2744.48,364,20
1890,1025.44,69,1
1891,599.9,18,153
1892,3478.85,168,2
1893,277.8,9,73
1894,389.86,35,2
1896,841.52,28,16
1897,1227.43,87,35
1898,258.83,13,85
1899,1264.84,79,70
1900,1610.15,45,115
1901,977.77,57,212
1902,1316.07,78,29
1903,749.1,44,50
1904,310.05,10,245
1905,223.88,11,31
1906,2372.86,128,108
1907,964.6800000000001,42,4
1908,363.53,17,365
1909,1888.84,88,72
1910,1784.71,10,296
1911,8117.42,366,8
1912,1617.63,35,56
1913,5842.95,172,29
1914,100.9,3,13
1915,290.82,14,71
1916,1066.57,64,22
1917,361.25,20,8
1918,311.69,20,78
1919,7912.79,149,45
1920,289.82,55,24
1921,336.17,85,11
1922,58.49,12,252
1923,499.68,42,146
1924,684.97,61,58
1925,221.27,27,7
1926,7006.58,317,10
1927,126.7,5,270
1928,1487.8,198,9
1929,206.21,13,246
1930,599.0,83,95
1931,191.32,38,14
1932,463.8,6,49
1933,147.59,37,29
1934,1592.06,34,67
1935,1116.57,160,34
1936,114.77,18,127
1937,1314.45,32,106
1938,114.39,21,36
1939,279.94,11,56
1940,765.86,73,56
1941,1931.42,216,71
1942,102.12,8,245
1943,213.27,41,18
1944,296.75,87,197
1945,326.4,4,15
1946,334.54,40,211
1947,233.23000000000002,61,38
1948,540.98,27,45
1949,429.87,75,169
1950,490.52,77,47
1951,1641.76,115,115
1952,1246.32,158,146
1954,502.09,144,50
1955,156.91,12,158
1956,1261.78,182,11
1957,308.94,20,35
1958,423.04,128,53
1959,260.17,35,42
1960,170.04,20,172
1961,125.58,20,33
1962,456.26,32,38
1963,266.0,70,266
1964,1872.28,479,8
1965,905.04,135,11
1966,6763.16,563,2
1967,1661.33,155,9
1968,377.01,72,32
1969,469.0,61,79
1970,1051.95,37,30
1971,627.13,48,7
1972,518.28,7,71
1973,668.14,111,3
1974,4464.1,55,255
1975,2571.02,513,4
1976,4277.66,400,15
1977,252.73000000000002,27,89
1978,465.55,127,71
1979,665.59,133,42
1981,180.35,67,169
1982,135.93,5,198
1983,537.0,3,30
1984,7629.38,461,18
1985,633.66,13,151
1986,5064.01,207,8
1987,343.62,22,269
1988,380.57,98,64
1989,121.17000000000002,3,273
1990,1727.17,80,24
1991,1391.61,143,22
1992,215.78,30,318
1993,697.79,71,4
1994,302.1,114,11
1995,1489.5,25,274
1996,2124.9900000000002,276,24
1997,1325.82,239,40
1998,303.09,121,7
2000,987.86,57,70
2001,370.79999999999995,5,212
2002,3135.98,158,37
2003,760.59,53,31
2004,1744.76,82,77
2005,553.36,104,45
2006,1109.53,70,178
2007,106.2,1,372
2008,982.07,26,93
2009,612.43,76,9
2010,748.87,42,104
2011,773.03,27,77
2012,880.85,49,172
2013,9623.35,451,6
2014,893.66,48,212
2015,487.35,35,21
2016,88.2,5,256
2017,306.94,15,281
2018,1140.27,60,20
2019,2420.84,145,9
2020,381.32,23,307
2021,476.96,31,53
2022,457.81,26,214
2023,4410.14,112,17
2024,1364.7,49,103
2025,219.39000000000001,11,42
2026,248.08,25,3
2027,649.5,5,181
2028,410.48,23,83
2029,635.1,6,329
2030,310.03,9,8
2031,703.36,35,30
2032,1002.54,71,166
2033,2298.93,101,17
2034,1407.73,102,17
2035,247.66,20,310
2036,1291.75,61,141
2037,463.75,31,240
2038,970.25,40,23
2039,1567.48,84,28
2040,3439.41,101,9
2041,2760.56,197,29
2042,340.11,21,17
2043,1352.75,45,17
2044,1550.13,80,14
2045,244.8,1,133
2046,266.4,14,245
2047,343.82,22,129
2048,457.72,28,49
2049,1612.13,87,84
2050,2199.31,106,6
2051,184.19,15,22
2052,11117.05,140,24
2053,406.53,16,65
2054,1419.54,111,59
2055,3447.4,84,49
2056,330.11,22,169
2057,977.9300000000001,52,17
2058,982.42,29,127
2059,1387.99,73,14
2060,127.15,10,232
2061,1282.45,69,2
2062,178.96,13,239
2063,2350.0,81,51
2064,498.74,26,45
2065,259.45,14,225
2066,6530.04,218,7
2067,1194.73,67,3
2068,1313.66,95,164
2069,608.65,29,218
2070,301.29,20,10
2071,520.8000000000001,23,133
2072,5303.97,344,16
2073,4684.24,278,9
2074,329.25,22,30
2075,240.27,92,73
2076,961.49,55,0
2077,1869.5,133,3
2078,401.40000000000003,7,44
2080,158.16,4,356
2081,304.47,29,17
2082,843.05,103,68
2083,487.75,27,372
2084,163.0,41,320
2085,106.56,5,25
2086,1034.5,7,324
2087,1624.05,110,8
2088,135.75,11,322
2089,224.14,23,71
2090,40.5,3,259
2091,2186.2,95,17
2092,87.5,6,366
2093,680.28,18,65
2094,622.85,29,153
2095,406.76,63,28
2096,310.62,21,69
2097,411.41,19,13
2098,4670.08,93,1
2100,1044.32,51,119
2101,499.32,19,60
2102,7521.17,326,2
2103,3861.0,1,2
2104,656.44,36,8
2105,193.64,10,91
2106,1268.7,13,58
2107,927.84,97,78
2108,1827.8,142,25
2109,316.58,9,356
2110,648.8299999999999,38,84
2111,420.29999999999995,9,9
2112,867.62,43,0
2113,331.18,20,224
2114,894.4100000000001,52,59
2115,88.94999999999999,7,238
2116,325.05,25,318
2117,1661.44,110,1
2118,615.99,43,44
2119,96.6,2,87
2120,5756.89,166,10
2121,305.75,9,175
2122,1758.92,119,51
2123,114.1,11,365
2124,585.0,5,318
2125,454.90000000000003,32,225
2126,310.48,16,357
2127,409.40000000000003,23,233
2128,154.41,8,310
2129,1219.4,58,36
2130,3376.96,126,65
2131,429.6,23,238
2132,612.06,31,112
2133,197.0,14,276
2134,2247.51,143,217
2135,321.05,15,298
2136,1412.32,99,1
2137,1056.54,52,28
2138,764.34,52,9
2139,1685.57,83,44
2140,1738.59,111,66
2141,316.68,22,73
2142,631.57,34,64
2143,2515.84,89,133
2144,514.15,33,237
2145,356.0,6,121
2146,6657.36,358,31
2147,10327.11,121,8
2148,740.78,44,35
2149,915.3,55,15
2150,300.36,18,126
2151,890.85,47,66
2152,98.45,6,148
2153,232.14999999999998,8,280
2154,623.16,34,168
2155,1780.77,78,99
2156,254.82,19,134
2157,178.95000000000002,10,323
2158,156.51,12,106
2159,393.74,23,63
2160,1506.1200000000001,82,150
2161,119.3,6,337
2162,1717.36,11,21
2163,408.8,2,23
2164,2298.2,48,15
2165,2485.82,275,6
2166,721.94,63,56
2167,716.57,47,3
2168,609.19,42,30
2169,135.31,52,65
2170,255.89999999999998,12,46
2171,277.40999999999997,21,354
2172,113.12,16,171
2173,2239.9500000000003,150,58
2174,240.55,3,49
2175,485.24,21,21
2176,2306.52,88,42
2177,935.1,59,28
2178,7803.7699999999995,212,4
2179,4596.51,109,25
2180,180.94,25,200
2181,3610.31,200,43
2182,635.04,41,9
2183,3774.1,194,1
2184,3787.09,12,66
2185,496.44,28,63
2186,5028.12,247,50
2187,574.02,31,289
2188,680.3,26,60
2189,1174.35,58,63
2190,205.3,12,95
2191,302.27,21,270
2193,921.1,48,74
2194,52.0,1,109
2195,327.97,24,198
2196,551.54,38,63
2197,165.0,1,326
2198,312.62,33,3
2199,204.5,16,283
2200,267.13,36,43
2201,2650.73,106,48
2202,602.97,49,63
2203,162.29,49,103
2204,311.71,29,333
2205,208.75,10,52
2206,1005.5,62,34
2207,714.96,13,31
2208,1661.06,35,365
2209,1028.56,16,207
2210,351.67,99,156
2211,173.97,36,53
2212,557.57,88,65
2213,2020.52,17,80
2214,391.76,26,115
2215,364.5,21,86
2216,476.58,32,0
2217,367.69,23,34
2218,252.42000000000002,17,332
2219,201.60000000000002,5,365
2220,158.04,9,71
2221,473.81,72,157
2222,115.65,5,372
2223,1862.14,233,11
2224,777.02,63,254
2225,277.05,14,28
2226,2766.5,519,30
2227,8234.8,561,4
2228,427.93,13,39
2229,418.92,7,361
2230,318.05,17,240
2231,913.19,29,95
2232,1330.45,151,25
2233,602.51,44,74
2234,1867.69,96,56
2235,446.94000000000005,4,20
2236,-1592.49,1,143
2237,2360.55,95,40
2238,2007.3999999999999,27,136
2239,2213.11,137,7
2240,168.0,3,128
2241,1233.3600000000001,117,39
2242,3631.8900000000003,196,168
2243,1682.3600000000001,37,8
2244,596.85,8,213
2245,5927.86,306,14
2246,635.76,43,169
2247,316.88,12,39
2248,394.14,31,185
2249,140.54,10,269
2250,500.0,1,171
2251,1515.73,85,4
2252,231.86,12,15
2253,2183.54,85,9
2254,107.45,7,325
2255,288.18,14,112
2256,94.0,6,289
2257,1339.63,74,15
2258,815.77,50,0
2259,666.7,13,91
2260,626.77,42,148
2261,349.1,8,188
2262,426.61,58,17
2263,1056.44,153,33
2264,267.18,34,263
2265,3450.84,122,83
2266,1346.38,100,25
2267,190.53,10,170
2268,774.9000000000001,39,9
2269,572.8100000000001,48,312
2270,3974.37,193,64
2271,508.8,28,84
2272,135.86,8,24
2273,950.36,53,58
2274,97.7,6,322
2275,43.5,2,37
2276,383.34,17,253
2277,1429.9,300,18
2278,1483.14,306,32
2279,93.78,6,14
2280,364.90000000000003,83,26
2281,171.19,10,22
2282,417.87,53,78
2283,997.48,59,7
2284,149.29,29,21
2285,1122.53,329,11
2286,200.16,45,261
2287,156.57999999999998,25,130
2288,383.68,62,54
2289,594.0,2,248
2290,3212.16,385,1
2291,1418.26,219,8
2292,113.5,5,263
2293,155.17,9,330
2294,494.64,28,312
2295,971.22,62,25
2296,429.84,30,29
2297,538.73,58,29
2298,1388.37,286,1
2299,179.1,25,361
2300,447.22,60,282
2301,237.07,58,261
2302,161.64,7,24
2303,216.76,58,353
2304,234.6,11,93
2305,126.14,7,28
2306,1048.85,157,337
2307,6945.0199999999995,104,19
2308,334.53,57,84
2309,511.88,53,8
2310,438.46,29,34
2311,504.5,27,42
2312,469.48,77,1
2313,371.56,76,112
2314,1465.2,14,13
2315,454.10999999999996,29,76
2316,1441.42,46,39
2317,905.5,45,115
2318,6568.72,127,15
2319,233.81,88,160
2320,3563.11,189,0
2321,2575.0,86,29
2322,91.32000000000001,2,92
2323,1090.03,55,22
2324,3090.85,155,94
2325,659.4599999999999,35,27
2326,1967.25,299,32
2327,1299.23,125,20
2328,1259.7,16,17
2329,12396.46,523,0
2330,1131.56,68,7
2331,5541.46,252,15
2332,147.09,70,362
2333,52.83,13,80
2334,3497.14,99,52
2335,979.26,164,22
2336,492.36,46,171
2337,1000.27,92,188
2338,250.0,1,330
2339,909.23,160,11
2340,121.0,7,155
2342,2963.19,218,11
2343,62.43,15,44
2344,267.03,27,232
2345,1911.89,220,63
2346,343.5,18,1
2347,2574.65,200,35
2348,398.84,57,32
2349,412.01000000000005,10,83
2350,440.0,1,24
2351,811.02,180,1
2352,148.44,4,32
2353,2348.82,166,18
2354,229.33,26,253
2355,3967.78,674,22
2356,1502.35,108,21
2357,2007.44,228,7
2358,1517.08,263,24
2359,746.92,86,18
2360,459.9,78,172
2361,110.92,24,162
2362,538.46,41,6
2363,213.3,15,10
2364,85.13000000000001,29,113
2365,127.86,28,287
2366,3542.51,261,8
2367,292.71999999999997,81,53
2368,4954.84,702,6
2369,1655.76,116,76
2370,575.63,61,3
2371,436.06,29,36
2372,90.12,17,216
2373,437.23,56,59
2374,217.2,14,277
2376,279.77,31,23
2377,473.65000000000003,20,28
2378,722.74,31,11
2379,134.55,1,351
2380,1319.69,117,8
2381,173.16,8,49
2382,186.01,7,18
2383,758.29,53,2
2384,1375.71,31,103
2385,4109.97,330,6
2386,650.4300000000001,57,11
2387,2552.86,215,4
2388,607.45,104,31
2389,702.25,168,177
2390,940.6700000000001,45,37
2391,258.88,39,150
2392,127.1,13,161
2393,348.6,51,68
2394,3429.9700000000003,151,120
2395,682.9100000000001,44,24
2396,722.61,125,23
2397,455.3,31,176
2398,913.6800000000001,9,49
2399,456.58,30,252
2400,-30.19,1,288
2401,388.58,24,46
2402,199.8,5,70
2403,1767.53,104,15
2404,1343.34,84,100
2405,315.71999999999997,23,29
2406,235.68,16,34
2407,761.74,52,26
2408,6745.36,414,10
2409,1083.63,54,7
2410,48.480000000000004,2,78
2411,216.39,17,51
2412,1198.23,67,35
2413,2422.64,91,56
2414,104.76,13,336
2415,1093.68,60,27
2416,270.03000000000003,18,182
2417,112.46000000000001,6,51
2418,1568.39,45,9
2419,195.15,6,35
2420,10360.04,429,9
2421,747.031,49,32
2422,336.40000000000003,3,10
2423,1524.4,104,49
2424,1158.77,18,3
2425,3224.53,214,2
2426,301.03,19,140
2427,588.13,34,116
2428,1504.56,68,99
2429,675.8,49,74
2430,2865.64,157,4
2431,1180.4,61,44
2432,3147.31,177,15
2433,243.55,15,16
2434,724.76,25,89
2435,223.36,15,52
2436,-94.0,2,300
2437,425.32,25,133
2438,12433.34,495,3
2439,1887.2,119,104
2440,647.4,36,178
2441,813.0,238,165
2442,612.01,52,18
2443,425.14000000000004,36,157
2444,599.9,28,203
2445,816.0,2,335
2446,646.3,32,36
2447,337.74,21,90
2448,877.4399999999999,6,92
2449,922.53,21,8
2450,511.32,37,232
2451,748.5,47,44
2452,30.0,1,22
2453,958.9,56,189
2454,306.45,11,43
2455,1552.01,94,24
2456,309.8,5,316
2457,138.14,9,105
2458,358.63,19,50
2459,2242.01,116,167
2460,301.32,13,39
2461,76.32000000000001,1,217
2462,677.69,35,39
2463,173.05,12,296
2464,2635.4900000000002,81,18
2465,2881.02,155,87
2466,1744.02,135,72
2467,323.69,21,80
2468,3324.09,216,8
2469,657.23,33,48
2470,352.7,12,52
2471,781.28,110,23
2472,1333.68,78,8
2473,946.36,67,17
2474,193.75,10,116
2475,2981.5,168,8
2476,254.1,9,119
2477,239.76,19,3
2478,136.8,2,251
2479,191.04,12,27
2480,6423.6,79,0
2481,409.98,22,266
2482,2644.46,177,32
2483,309.65,18,17
2484,664.03,89,171
2485,1542.14,237,1
2486,211.5,5,264
2487,2293.62,117,139
2488,143.1,6,200
2489,1001.8100000000001,59,59
2490,945.58,214,34
2491,3329.7200000000003,297,40
2492,133.25,6,283
2493,1072.3600000000001,53,8
2494,346.75,20,142
2495,330.88,35,11
2496,1118.81,118,145
2497,150.3,7,233
2499,598.73,128,23
2500,507.08,91,11
2501,2181.21,72,35
2502,203.1,41,364
2503,212.3,12,200
2504,415.25,32,14
2505,5178.96,302,16
2506,-134.8,4,48
2507,62.0,6,197
2508,1108.38,73,65
2509,294.12,14,211
2510,162.3,10,282
2511,1339.45,26,114
2512,1121.21,81,14
2513,4788.77,176,18
2514,449.12,8,65
2515,154.88,9,48
2516,784.46,88,15
2517,34.8,3,77
2518,1071.24,65,8
2519,182.96,29,133
2520,974.04,93,12
2521,149.31,21,39
2523,2451.23,295,2
2524,2628.93,412,39
2525,79.2,1,304
2526,455.67,29,50
2527,2318.88,149,0
2528,532.96,192,60
2529,714.42,45,65
2530,205.25,9,24
2531,253.04,7,217
2532,583.75,37,64
2533,1048.67,63,31
2534,3245.47,188,80
2535,315.06,11,63
2536,581.8299999999999,28,115
2538,635.6800000000001,10,5
2539,270.8,25,68
2540,104.9,7,244
2541,241.62,18,132
2542,1021.61,22,240
2543,475.28000000000003,29,183
2544,333.56,21,24
2545,2593.94,44,9
2546,246.3,14,10
2547,2303.75,87,29
2548,4834.2,280,43
2549,948.05,206,25
2550,351.3,25,357
2551,220.85,35,9
2552,1604.44,76,43
2553,948.96,13,8
2554,610.01,42,149
2555,2666.61,135,0
2556,2207.4,8,112
2557,884.14,98,75
2558,699.08,119,106
2559,1042.19,69,45
2560,-451.42,3,142
2561,415.82000000000005,8,50
2562,3848.55,274,0
2563,5452.17,307,22
2564,784.58,31,45
2565,903.9,48,49
2566,3724.77,210,305
2567,399.21,43,35
2568,1145.43,112,78
2569,2171.32,139,16
2570,1801.14,41,106
2571,1303.9099999999999,40,207
2572,1842.73,74,2
2573,2100.6,49,63
2574,1905.45,123,48
2575,206.98,17,319
2576,570.96,62,43
2577,885.47,33,2
2578,-840.76,17,336
2579,532.94,20,171
2580,1649.3600000000001,69,50
2581,1641.48,134,72
2582,636.14,51,98
2583,547.7,41,28
2584,747.76,69,57
2585,836.79,54,253
2586,2084.9,276,69
2587,954.09,50,43
2588,117.47,12,44
2589,391.98,24,64
2591,1020.74,65,24
2592,345.66,28,58
2593,1209.1,50,63
2594,118.95000000000002,8,303
2595,130.73999999999998,11,45
2596,3650.87,140,17
2597,389.27,22,37
2598,238.85,97,18
2599,160.71,22,186
2600,110.8,30,51
2601,2974.65,140,3
2602,712.24,80,136
2604,297.0,14,18
2605,1438.85,191,15
2606,977.21,142,40
2607,3000.36,547,11
2608,832.88,147,7
2609,68.84,18,25
2610,1769.7800000000002,24,21
2611,895.13,40,40
2612,230.53,45,100
2613,3797.79,463,4
2614,149.64,15,276
2615,354.09000000000003,76,32
2616,360.93,128,14
2617,4330.67,137,62
2618,440.78,131,1
2619,313.28000000000003,106,368
2620,438.24,32,311
2621,495.36,24,198
2622,396.48,49,1
2623,379.35,18,92
2624,181.09,12,59
2625,141.27,14,79
2626,446.87,93,156
2627,524.52,62,226
2628,263.55,41,252
2629,179.17,11,149
2630,222.05,24,193
2631,1384.68,87,0
2632,56.25,4,368
2633,351.11,51,23
2634,363.88,116,16
2635,5126.34,75,9
2636,164.68,30,7
2637,1521.79,151,19
2638,967.45,249,3
2639,191.94,7,173
2640,1232.18,267,0
2641,264.62,19,177
2642,1491.24,160,15
2643,123.1,12,247
2644,334.23,40,190
2645,639.89,143,19
2646,167.5,60,153
2647,336.03000000000003,25,172
2648,363.6,12,371
2649,127.08,21,372
2650,207.15,12,193
2651,426.63,21,66
2652,2461.85,119,3
2653,1107.46,74,20
2654,416.86,12,238
2655,145.35,7,63
2656,404.58,18,111
2657,6102.26,77,89
2658,31.799999999999997,2,310
2659,337.44,14,133
2660,325.1,6,276
2661,181.0,2,364
2662,1708.24,29,82
2663,955.24,60,7
2664,364.72,19,16
2665,1705.26,103,1
2666,669.57,43,0
2667,806.57,91,33
2668,1634.53,103,14
2669,4389.81,185,23
2670,428.89,42,31
2671,104.35,7,73
2672,470.76,28,19
2673,845.64,122,16
2674,418.83,84,22
2675,582.9,21,2
2676,314.1,11,303
2677,4199.85,35,17
2678,99.77000000000002,6,235
2679,3429.55,177,38
2680,371.01,24,83
2681,430.94,98,164
2682,1054.73,65,16
2683,1098.78,49,76
2684,2398.86,43,88
2685,3408.48,97,24
2686,1475.02,113,21
2687,2816.97,275,2
2688,1037.42,38,122
2689,168.12,14,29
2690,1451.28,140,11
2691,158.03,27,18
2692,792.11,52,43
2693,41.989999999999995,3,3
2694,2756.82,560,8
2695,427.07,35,54
2696,1044.78,131,87
2697,3084.17,509,36
2698,12393.7,9,2
2699,2735.37,103,29
2700,615.39,218,11
2701,101.4,8,210
2702,1701.94,385,47
2703,478.78,33,23
2704,992.71,90,21
2705,407.5,86,245
2706,3362.71,212,7
2707,1415.29,94,34
2709,653.13,148,35
2710,690.54,184,3
2711,1483.31,237,2
2712,211.88,32,46
2713,408.90000000000003,28,38
2714,3450.2400000000002,165,1
2715,851.01,46,16
2716,628.28,76,259
2717,719.81,101,45
2718,251.24,64,11
2719,439.65999999999997,28,29
2720,236.09,32,42
2721,852.12,17,91
2723,331.24,29,309
2724,548.94,100,91
2726,437.7,22,195
2727,758.92,55,86
2728,855.02,39,269
2729,454.33000000000004,28,7
2730,1313.55,65,64
2731,3166.4,6,30
2732,1147.37,75,21
2733,773.99,39,37
2734,1340.7,83,119
2735,243.69000000000003,9,85
2736,1111.79,312,39
2737,137.9,10,173
2738,362.06,34,53
2739,1511.95,84,32
2740,783.9,70,144
2741,134.8,8,220
2742,664.85,68,44
2743,2140.2200000000003,134,3
2744,1459.8600000000001,180,65
2745,-29.95,1,268
2746,1153.62,64,9
2747,335.32,23,259
2748,372.09,74,364
2749,1521.87,102,16
2750,852.15,33,21
2751,326.24,21,44
2752,584.3199999999999,23,287
2753,94.35,2,291
2754,2173.53,131,2
2755,79.2,1,283
2756,1352.0,21,16
2757,176.6,11,81
2758,2806.9,227,55
2759,1317.62,31,100
2760,436.18,38,298
2761,981.51,167,22
2762,1119.31,40,58
2763,315.06,18,154
2764,779.36,53,98
2765,17.0,1,106
2766,1041.83,67,11
2767,320.62,12,263
2768,185.04999999999998,10,239
2769,2005.63,67,87
2770,731.9,39,49
2771,1245.96,83,8
2772,1842.14,57,41
2773,1429.64,48,6
2774,302.36,29,61
2775,336.96,13,248
2776,108.38,6,65
2777,3204.1600000000003,31,17
2778,816.1,49,84
2779,611.88,18,218
2780,1337.48,354,44
2781,195.73999999999998,16,142
2782,161.38,30,182
2783,135.75000000000003,8,170
2784,1667.97,284,9
2785,592.88,35,205
2786,232.21,30,189
2787,423.36,16,7
2788,1294.14,32,58
2789,867.11,212,56
2790,684.4200000000001,38,72
2791,307.78,16,51
2792,187.15,16,315
2793,289.35,13,366
2794,6287.77,117,28
2795,656.25,40,38
2796,1880.22,89,17
2797,3506.54,78,51
2799,603.69,38,21
2800,517.55,21,262
2801,709.38,37,59
2802,-7.95,1,367
2803,635.41,31,18
2804,703.77,37,52
2805,620.4,30,87
2806,535.34,37,249
2807,2419.84,118,2
2808,175.2,1,246
2809,3741.98,237,8
2810,734.13,29,156
2811,375.0,22,133
2812,76.32000000000001,1,295
2813,280.52,18,4
2814,1906.07,136,38
2815,1829.04,29,268
2816,1824.23,89,49
2817,3024.62,139,8
2818,644.24,19,15
2819,348.2,14,281
2820,1009.4499999999999,22,63
2821,5352.97,502,1
2822,37.4,2,251
2823,441.59999999999997,7,224
2824,802.53,35,16
2825,3770.6,99,10
2826,1822.97,85,7
2827,1880.4199999999998,127,50
2828,73.2,3,58
2829,1140.21,69,94
2830,1406.57,87,15
2831,1009.5500000000001,23,125
2832,1037.59,58,93
2833,331.95,15,49
2834,197.9,8,137
2835,215.83,11,60
2836,10217.48,176,99
2837,305.54,11,72
2838,6617.65,28,71
2839,338.71000000000004,15,66
2840,1155.54,46,63
2841,529.41,31,16
2842,3991.94,219,22
2843,6841.24,297,31
2844,981.86,67,44
2845,215.48,11,15
2846,215.08,6,39
2847,4913.32,151,2
2848,314.45,19,236
2849,400.68100000000004,15,74
2850,1080.6200000000001,179,3
2851,1821.52,115,2
2852,365.27,18,360
2853,589.15,36,58
2854,405.71,57,22
2855,761.38,98,30
2856,537.0600000000001,63,54
2857,394.38,19,24
2858,664.26,66,44
2859,2262.62,46,88
2861,542.77,24,80
2862,681.19,43,18
2863,159.0,6,78
2864,1062.75,44,170
2865,242.35,14,80
2866,914.9300000000001,37,266
2867,259.39000000000004,19,234
2868,3054.87,90,29
2869,864.86,97,36
2870,846.72,137,317
2871,1295.3,96,56
2872,1096.32,134,44
2873,255.12,8,202
2874,308.32000000000005,7,218
2875,1010.6,47,86
2876,542.03,35,189
2877,983.23,38,32
2878,422.13,25,70
2879,858.41,48,40
2880,432.2,20,77
2881,372.9,21,56
2882,3693.81,142,7
2883,2607.87,662,9
2884,3598.26,295,7
2885,409.1,51,33
2886,1522.75,91,211
2887,1352.3600000000001,93,23
2888,114.56,16,169
2889,152.94,7,61
2890,1800.07,69,52
2891,389.44,24,260
2892,-295.09,21,365
2893,3665.62,124,31
2894,2609.3,274,16
2895,732.63,14,257
2896,46.95,2,176
2897,5203.51,135,44
2898,1035.45,18,50
2899,746.83,124,16
2900,-31.65,3,360
2901,5423.15,260,8
2902,861.89,61,73
2903,667.65,45,70
2904,1141.24,54,352
2905,1423.29,134,2
2906,411.7,25,116
2907,357.95,67,372
2908,559.87,33,196
2909,810.6000000000001,6,176
2910,537.83,25,22
2911,1496.68,109,20
2912,2062.06,17,71
2913,168.3,11,339
2914,1531.51,168,5
2915,823.97,109,30
2916,142.5,8,169
2917,280.9,19,116
2918,2236.7400000000002,120,8
2919,1328.55,79,9
2920,275.4,23,212
2921,598.2,27,22
2922,212.82,12,107
2923,5305.83,167,25
2924,361.21999999999997,22,138
2925,602.27,44,213
2926,2560.0,4,37
2927,686.67,44,91
2928,616.26,37,17
2929,274.15000000000003,16,2
2930,226.37,14,330
2931,2755.56,156,63
2932,1341.65,69,119
2933,328.15,19,34
2934,404.40000000000003,3,217
2935,1038.46,56,171
2936,230.70000000000002,16,71
2937,326.75,37,0
2938,207.50000000000003,1,195
2939,428.68,118,127
2940,510.54,20,43
2941,3085.96,320,5
2942,3844.22,319,13
2943,242.21,41,17
2944,1583.2,154,27
2946,151.05,10,36
2947,214.79999999999998,11,156
2948,109.95,20,283
2949,549.07,153,106
2950,1959.38,84,24
2951,322.41,15,74
2952,370.47999999999996,47,15
2953,101.10000000000001,2,157
2954,575.41,38,43
2955,887.65,92,10
2956,1469.45,235,31
2957,53.5,9,290
2958,1100.47,60,20
2959,153.9,8,332
2960,494.44,28,17
2961,6675.71,94,3
2962,395.8,39,62
2963,210.32000000000002,32,197
2964,658.88,34,32
2965,2024.95,110,0
2966,1460.3700000000001,70,6
2967,3411.69,671,4
2968,896.66,106,9
2969,652.07,90,31
2970,109.36000000000001,5,52
2971,707.04,53,11
2972,1540.42,51,17
2973,327.3,18,18
2974,804.49,130,36
2975,497.43,76,1
2976,1553.66,118,17
2977,1320.56,228,81
2978,367.93,97,32
2979,473.03000000000003,111,65
2980,977.52,128,8
2981,676.2,5,266
2982,362.95,23,246
2983,2131.9,109,3
2984,1780.59,32,60
2985,668.36,102,74
2986,584.5,33,89
2987,555.89,59,59
2988,317.2,88,28
2989,94.36,4,322
2990,1362.27,35,52
2991,221.19,45,269
2992,2941.05,358,1
2993,1412.06,100,49
2994,1486.9,210,60
2995,1631.15,86,144
2996,408.57,73,18
2997,303.93,29,94
2998,4061.24,198,0
2999,299.6,60,264
3000,161.04999999999998,15,301
3001,443.05,23,69
3002,167.25,5,301
3003,163.07,63,18
3004,2126.93,172,12
3005,2028.88,232,35
3006,214.65,45,18
3007,151.83,35,53
3008,262.2,31,56
3009,126.25,7,21
3010,210.35,54,43
3011,1026.99,73,26
3012,675.27,102,44
3013,959.48,52,112
3015,346.12,18,24
3016,82.56,6,190
3017,302.7,21,301
3018,1908.25,372,1
3019,241.06,9,262
3020,-2.95,1,80
3021,284.55,2,105
3022,300.85,6,56
3023,642.81,83,212
3024,287.4,8,63
3025,184.26,17,27
3026,1522.25,109,28
3027,798.35,132,5
3028,3640.67,282,7
3029,381.2,24,66
3030,616.79,174,1
3031,638.77,86,45
3032,230.51,63,33
3033,2.8999999999941792,4,0
3034,259.01,36,135
3035,188.89000000000001,20,197
3036,674.69,43,190
3037,311.92,11,149
3038,266.97,14,87
3039,-8.15,3,44
3040,1841.18,99,63
3041,2158.37,111,98
3042,208.36,9,217
3043,3482.7400000000002,202,2
3044,814.72,135,27
3045,151.42,33,177
3046,102.0,4,63
3047,1383.7,85,20
3048,1314.68,236,19
3049,1603.46,148,33
3050,74.9,2,73
3051,650.43,182,23
3052,757.44,171,51
3053,223.95000000000002,13,274
3054,314.86,19,164
3055,1811.47,368,6
3056,544.3,28,87
3057,2494.46,146,63
3058,331.0,17,24
3059,300.83,35,9
3060,769.29,53,75
3061,220.62,18,15
3062,139.35,19,191
3063,379.4,26,173
3064,363.65,42,76
3065,492.2,31,32
3066,731.5,39,46
3067,1329.66,62,72
3068,826.53,50,296
3069,684.41,97,2
3070,1562.22,97,8
3071,2965.69,136,49
3072,86.12,16,160
3073,319.1,22,359
3074,400.86,11,4
3075,1421.43,86,106
3076,484.38,86,24
3077,777.6,4,31
3078,90.30000000000001,3,19
3079,363.7,13,296
3080,248.1,13,371
3081,950.26,169,21
3082,874.59,35,4
3083,1627.13,113,51
3084,101.69999999999999,6,29
3085,162.7,17,276
3086,480.92,42,60
3087,215.07999999999998,13,24
3088,1036.6200000000001,157,185
3089,9295.67,298,1
3090,11895.57,200,1
3091,290.36,15,171
3092,228.06,14,80
3093,244.41,17,3
3094,455.25,30,189
3095,1244.59,77,21
3096,6748.8,4,17
3097,1026.94,181,18
3098,593.75,31,4
3099,539.02,56,106
3100,1388.81,45,2
3101,119.62,5,53
3102,339.3,3,164
3103,-95.93,31,290
3105,2266.25,261,108
3106,922.12,32,95
3107,379.73,17,242
3108,5664.57,86,162
3109,641.55,74,2
3110,285.89,17,34
3111,3313.79,207,66
3112,281.85,11,23
3113,8257.04,474,0
3114,816.51,58,20
3115,511.12,31,5
3116,1077.74,19,53
3117,173.7,3,363
3118,614.01,19,14
3119,865.6,35,193
3120,124.2,5,2
3121,3622.95,133,8
3122,1285.22,106,2
3123,999.7,58,126
3124,648.41,46,73
3125,451.44,28,70
3126,-30.599999999999998,1,364
3127,70.44,11,154
3128,313.62,6,112
3129,233.45,14,373
3130,908.03,31,79
3131,463.95,8,248
3132,225.15,13,231
3133,459.24,33,70
3134,213.5,10,68
3135,4073.28,222,3
3136,330.03,27,50
3137,181.09,53,74
3138,360.16,85,60
3139,250.15,12,15
3140,90.04,7,3
3141,140.7,11,276
3142,813.52,62,3
3143,244.79999999999998,31,40
3144,494.72999999999996,32,30
3145,482.47,34,74
3146,3038.67,174,17
3147,5450.96,280,14
3148,75.66,6,218
3149,120.99000000000001,11,185
3150,1187.66,66,32
3151,618.59,30,69
3152,506.19,26,182
3153,500.42,33,14
3154,151.85,5,235
3155,2630.64,97,30
3156,204.41,16,253
3157,178.96,9,3
3158,813.48,29,51
3159,129.45,5,245
3160,810.5699999999999,48,80
3161,333.08,23,274
3162,4379.65,184,0
3163,322.8,20,78
3164,2183.04,119,29
3165,417.73,64,73
3166,2878.15,153,16
3167,217.9,9,222
3168,1124.59,72,31
3169,1676.47,95,22
3170,1169.38,52,24
3171,231.10000000000002,12,105
3172,679.83,35,4
3173,487.51,27,245
3174,833.78,62,177
3175,214.06,14,169
3176,270.85999999999996,21,38
3177,518.42,24,71
3178,6654.26,123,53
3179,1166.92,76,15
3180,594.97,31,140
3181,3794.52,261,17
3182,8568.24,80,21
3183,933.62,208,9
3184,123.24,8,367
3185,39.12,2,188
3186,810.4499999999999,17,15
3187,135.39999999999998,9,361
3188,118.98,32,18
3189,570.13,53,67
3190,306.71999999999997,20,14
3191,1370.8700000000001,161,23
3192,4022.46,262,16
3193,1692.27,6,27
3194,8093.59,117,1
3195,319.61,98,54
3196,1558.72,92,33
3197,3013.83,170,2
3198,129.75,3,365
3199,183.7,10,42
3200,1770.34,44,72
3201,1028.0,30,4
3203,324.24,62,60
3204,3043.48,588,46
3205,1260.86,62,0
3206,303.26,16,75
3207,208.63,13,43
3208,1276.0,3,255
3209,482.01,60,68
3210,657.9000000000001,10,134
3211,112.75,21,240
3212,1998.0,5,226
3213,5040.0,312,8
3214,5150.2699999999995,154,8
3216,531.35,123,36
3217,656.63,27,45
3218,3029.87,79,84
3219,2483.04,402,18
3220,1651.03,22,2
3221,3645.43,447,8
3222,6840.2300000000005,632,18
3223,911.53,94,218
3224,301.71999999999997,19,77
3225,319.8000000000001,3,266
3226,3278.36,236,8
3227,623.75,45,368
3228,1773.92,203,14
3229,155.24,27,25
3230,292.47,37,261
3231,4711.21,228,16
3232,589.15,43,90
3233,775.07,152,301
3234,1382.02,185,25
3235,272.82,46,363
3236,1054.67,269,45
3237,7076.28,668,35
3238,702.79,84,51
3239,603.75,28,31
3240,650.51,53,51
3241,2269.21,128,78
3242,417.59999999999997,1,52
3243,3.75,1,297
3244,312.55,16,171
3245,0.0,4,46
3246,2191.84,193,28
3247,1304.76,242,10
3248,7170.7,358,86
3249,6694.31,452,4
3250,826.96,45,24
3251,1515.9,69,17
3252,623.93,95,44
3253,1764.72,25,30
3254,207.5,9,372
3255,223.92000000000002,34,57
3256,2002.4,2,371
3257,1484.63,176,113
3258,239.4,13,214
3259,106.83000000000001,7,318
3260,369.34000000000003,22,64
3261,772.84,43,7
3262,316.62,13,96
3263,1501.38,89,19
3264,594.9,24,184
3265,2758.25,718,3
3266,34.0,1,293
3267,1145.6,34,272
3268,5580.6,222,30
3269,458.04,58,47
3270,380.39,40,259
3271,744.9,146,57
3272,2246.81,255,32
3273,171.59,26,56
3274,654.92,49,67
3275,1695.66,158,9
3276,388.28,76,59
3277,226.35,50,79
3278,245.94,16,73
3279,10454.05,344,1
3280,425.19,60,99
3281,294.65,19,364
3282,2242.25,197,9
3283,107.6,3,19
3284,597.48,155,122
3285,80.8,5,7
3286,1520.1200000000001,95,3
3287,1706.28,322,28
3288,110.38000000000001,12,281
3289,243.84,16,56
3290,1201.51,287,0
3291,414.88,66,364
3292,305.62,18,88
3293,1201.49,164,10
3294,867.83,121,162
3295,332.3,24,64
3296,536.99,60,22
3297,460.59,98,173
3298,801.49,103,102
3299,1121.59,67,142
3300,288.42,23,98
3301,912.74,150,22
3302,275.64,16,191
3303,547.07,28,4
3304,479.35,15,360
3305,1692.98,449,7
3306,6500.6,325,13
3307,417.06,28,102
3308,1446.95,95,2
3309,3317.97,191,10
3310,497.61,26,95
3311,358.38,38,226
3312,460.64,26,15
3313,775.1800000000001,28,38
3314,341.7,22,50
3315,128.5,8,92
3316,197.22,11,156
3317,325.91,23,38
3318,199.15,12,183
3319,1106.53,47,0
3320,413.46,24,227
3321,180.85,10,127
3322,251.87,11,39
3323,3167.73,166,30
3324,582.9,26,196
3326,1774.62,117,36
3327,1260.44,64,63
3328,10183.82,379,42
3329,214.32,11,49
3330,193.44,12,42
3331,281.42,14,52
3332,124.57,8,186
3333,332.41,19,333
3334,342.45,20,3
3335,144.91000000000003,9,9
3336,328.4,19,23
3337,35.400000000000006,2,14
3338,345.89000000000004,13,365
3339,473.14,72,105
3340,151.65,8,59
3341,481.35,28,28
3342,207.73999999999998,11,140
3343,805.62,129,22
3344,2761.4900000000002,139,21
3345,680.02,7,76
3346,7066.31,289,4
3347,2023.47,123,63
3348,853.72,159,11
3349,0.0,6,24
3350,1519.08,178,30
3351,432.0,1,66
3352,705.12,39,66
3353,276.73,38,186
3354,429.84000000000003,26,37
3355,471.51,101,14
3356,194.88,37,34
3357,1578.67,135,194
3358,809.7,203,1
3359,496.84000000000003,101,0
3360,145.93,45,366
3361,219.14,69,64
3362,213.03,44,298
3363,444.46,163,25
3364,1281.56,125,7
3365,187.6900000000001,82,11
3366,1706.88,44,115
3367,373.24,60,28
3368,3754.27,710,3
3369,3085.48,209,4
3370,579.77,93,81
3371,981.65,151,28
3372,364.14,19,63
3373,1510.06,547,3
3374,2528.67,105,22
3375,113.44,8,289
3376,208.46,38,35
3377,621.6800000000001,57,8
3378,576.26,143,23
3379,391.52,9,276
3380,1043.34,130,49
3381,2596.45,327,155
3382,169.79,60,60
3383,6666.83,696,11
3384,739.5,89,20
3385,230.25,14,370
3386,543.05,6,115
3387,2781.5,213,79
3388,1295.39,77,3
3389,380.55,54,25
3391,161.94,53,52
3392,530.08,49,0
3393,950.9300000000001,62,54
3394,262.68,57,25
3395,1903.13,242,8
3396,3049.88,305,51
3397,1894.11,283,12
3398,816.73,33,211
3399,4345.5,249,21
3400,406.48,21,235
3401,435.02,19,138
3402,1161.27,61,3
3403,1178.56,42,56
3404,1262.75,87,122
3405,167.61,16,108
3406,20.8,1,29
3407,2085.08,54,0
3408,493.67,26,184
3409,292.34,18,8
3410,416.64,16,238
3411,117.35000000000001,7,86
3412,507.05,101,38
3413,234.17,14,115
3414,110.55000000000001,7,186
3415,201.19,26,226
3416,2148.47,31,7
3417,319.02,21,188
3418,439.43,31,3
3419,650.41,42,38
3420,232.20999999999998,42,2
3421,251.51999999999998,2,266
3422,344.33,39,77
3423,1809.05,91,3
3424,1078.96,87,254
3425,384.06,22,60
3426,1920.2,149,12
3427,4392.42,418,77
3428,5461.62,121,16
3429,1873.2,3,29
3430,1625.05,129,2
3431,126.12,7,4
3432,1133.25,12,6
3433,179.0,1,218
3434,1601.8600000000001,95,10
3435,-1.25,1,371
3436,1427.46,41,29
3437,702.0,12,287
3438,287.02000000000004,6,149
3439,484.82,23,22
3440,3989.57,169,0
3441,1487.78,50,72
3442,1412.94,44,45
3443,781.78,44,4
3444,877.4300000000001,53,50
3445,185.46,12,16
3446,270.9,15,29
3447,565.58,75,7
3448,1842.56,217,28
3449,8574.11,268,2
3450,920.1,16,40
3451,1272.61,234,10
3452,71.0,7,30
3453,95.85,3,44
3454,357.77,9,60
3455,154.82999999999998,4,184
3456,848.59,155,78
3457,716.0,2,110
3458,146.87,11,63
3459,380.35,22,11
3460,1030.14,28,85
3461,734.5699999999999,32,15
3462,388.33,32,245
3463,1253.22,77,77
3464,112.4,22,29
3465,449.73,15,137
3466,1065.77,71,26
3467,1044.3799999999999,98,2
3468,1735.18,102,31
3469,897.4300000000001,10,8
3470,339.44,22,112
3471,642.02,22,156
3472,1100.9,65,84
3473,864.32,48,114
3474,5594.78,322,2
3475,3228.84,316,95
3476,247.14000000000001,43,193
3477,413.75,92,27
3478,496.38,14,128
3479,1353.83,84,27
3480,1179.89,62,81
3481,3095.04,516,29
3482,234.24,5,265
3483,5116.13,101,73
3484,534.47,71,313
3485,1421.59,82,8
3486,859.35,62,58
3487,-112.35,1,142
3488,4531.34,297,11
3489,2655.2200000000003,154,27
3490,312.14,64,113
3491,2385.48,148,8
3492,1446.09,174,17
3493,813.77,80,17
3494,841.0799999999999,25,35
3495,378.2,28,35
3496,118.80000000000001,2,77
3497,285.5,9,21
3498,290.16,64,24
3499,2003.85,81,32
3500,1405.78,52,108
3501,2949.75,162,34
3502,1555.05,189,122
3503,2050.08,96,6
3504,1991.01,115,27
3505,2041.8500000000001,64,3
3506,3802.81,198,2
3507,1777.78,125,49
3508,270.20000000000005,15,317
3509,1088.2,77,21
3510,992.6800000000001,52,8
3511,937.92,213,1
3512,971.74,65,17
3513,1621.73,42,9
3514,25.5,1,261
3515,665.78,90,158
3516,10380.43,421,32
3517,869.6800000000001,121,28
3518,163.29999999999998,12,164
3519,248.61,30,46
3520,747.22,135,5
3521,806.9000000000001,43,7
3522,116.19999999999999,9,287
3523,157.02,10,317
3524,593.61,38,2
3525,307.46,18,232
3526,138.32,7,118
3527,345.29999999999995,9,161
3528,298.89,32,184
3529,259.35,40,49
3530,991.85,262,151
3531,157.09,14,334
3532,2463.17,134,4
3533,4892.240000000001,27,15
3534,425.0,24,106
3535,1139.73,52,15
3536,380.5,24,275
3537,10585.57,487,15
3538,465.32,20,246
3539,579.0,15,238
3540,984.57,48,0
3541,749.78,35,105
3542,1679.64,85,22
3543,124.88,9,51
3544,1503.5,16,194
3545,213.78,14,23
3546,329.34,23,74
3547,251.70000000000002,20,17
3548,306.55,15,7
3549,1266.97,67,31
3550,1534.73,102,21
3551,3518.03,229,30
3552,1707.21,105,28
3553,293.1,5,21
3554,2466.4,145,32
3555,158.68,10,283
3556,189.49,14,38
3557,816.88,60,49
3558,224.91,16,288
3559,313.26,16,74
3560,3755.65,87,4
3561,59.9,4,217
3562,1430.94,64,43
3563,306.13,15,201
3564,711.79,80,177
3565,780.38,131,55
3566,239.92000000000002,23,56
3567,3286.9100000000003,76,7
3568,144.0,2,46
3569,203.95,10,226
3570,2275.58,89,10
3571,384.40000000000003,61,105
3572,249.74,20,58
3573,2095.13,237,27
3574,1674.46,35,35
3575,262.62,29,273
3576,1013.01,29,29
3577,692.22,96,23
3578,342.63,40,53
3579,3563.85,152,35
3580,1352.91,67,168
3581,384.08,13,53
3582,204.24,7,52
3583,2299.67,213,26
3584,226.85,4,252
3585,2741.08,164,39
3586,984.12,104,59
3587,113.5,9,233
3588,1960.72,274,3
3589,114.23,25,31
3590,3198.25,472,23
3591,335.13,63,6
3592,354.15,28,64
3593,426.79,49,309
3594,393.49,21,308
3595,939.32,47,18
3596,1906.09,208,15
3597,318.76,47,95
3598,3466.67,73,263
3599,3127.82,546,11
3600,421.52,36,2
3601,190.88,25,34
3602,149.89000000000001,14,182
3603,550.06,29,24
3604,916.13,105,12
3605,314.69,19,10
3606,3744.65,566,2
3607,379.95,16,312
3608,1135.04,40,107
3609,8628.55,407,0
3610,954.9,31,52
3611,171.45,9,204
3612,282.19,55,14
3613,318.65,69,119
3614,384.52,57,3
3615,283.28000000000003,39,362
3616,353.86,87,116
3617,178.26,18,17
3618,272.44,112,4
3619,298.41,78,40
3620,240.0,16,106
3621,603.37,124,147
3622,1253.3600000000001,12,51
3623,63.440000000000005,23,207
3624,562.9,127,138
3625,310.64,80,1
3626,317.62,38,126
3627,763.64,6,107
3628,2144.53,116,41
3629,111.97999999999999,27,34
3630,1065.3500000000001,69,227
3631,246.04,15,240
3632,187.82999999999998,9,57
3633,1703.41,94,129
3634,1641.68,294,59
3635,153.92,45,21
3636,1064.11,124,25
3637,1419.73,142,8
3638,936.16,112,31
3639,525.24,102,3
3640,550.8000000000001,1,307
3641,1875.1100000000001,135,7
3642,556.95,69,28
3643,131.78,51,16
3644,498.42,30,100
3645,669.11,57,11
3646,197.63,66,20
3647,1119.93,81,14
3648,250.04,53,360
3649,8600.73,69,10
3650,-152.64000000000001,1,364
3651,82.75,12,94
3652,1384.85,55,77
3653,644.3,14,138
3654,2288.13,28,17
3655,2514.76,136,24
3656,6204.46,487,0
3657,2524.02,11,45
3658,1200.6200000000001,73,99
3659,700.86,107,7
3660,908.99,204,14
3661,990.23,50,17
3662,96.8,6,279
3663,523.11,33,13
3664,363.9,6,22
3665,175.2,1,123
3666,494.25,28,85
3667,306.6,12,300
3668,1944.32,548,150
3670,243.36,9,93
3671,11891.18,424,8
3672,781.36,183,156
3673,193.64,17,354
3674,160.57,32,45
3675,537.74,87,14
3676,2611.58,503,3
3677,228.96,1,85
3678,1159.52,215,14
3679,110.75,9,178
3680,1256.19,72,7
3681,587.15,27,35
3682,1740.0,8,128
3683,1393.06,16,50
3684,178.22,19,311
3685,388.14,45,23
3686,365.85,59,302
3687,127.86,15,10
3688,585.79,132,16
3689,488.2,29,48
3690,312.23,35,238
3691,4455.73,414,0
3692,4801.56,468,12
3693,168.4,34,237
3694,1349.52,128,22
3695,446.18,33,72
3696,423.89,87,16
3697,1342.68,253,40
3698,646.92,57,39
3699,495.77,28,218
3700,372.5,71,189
3701,203.2,24,70
3702,3925.92,419,23
3703,404.66,83,10
3705,65.4,2,64
3706,199.29,51,3
3707,336.4,15,18
3708,261.11,47,14
3709,2686.42,28,7
3710,784.11,78,19
3711,1259.56,15,77
3713,508.8,3,163
3714,457.91,62,306
3715,203.86999999999998,4,218
3716,7330.8,27,38
3717,696.41,92,21
3718,653.38,38,114
3719,2129.96,213,125
3720,2633.85,59,4
3721,281.62,33,35
3723,967.22,94,0
3724,1928.72,116,329
3725,32.65,2,162
3726,771.85,13,184
3727,1214.72,64,15
3728,748.94,43,11
3729,1258.06,66,2
3730,778.0,6,43
3731,507.84,14,79
3732,6838.34,271,29
3733,463.46000000000004,30,41
3734,4200.97,208,10
3735,598.83,30,49
3736,1853.1299999999999,135,15
3737,663.63,28,44
3738,759.17,43,18
3739,5022.26,272,3
3740,100.8,2,71
3742,512.12,42,120
3743,265.76,14,32
3744,403.3,43,312
3745,365.76,48,17
3746,303.15999999999997,54,87
3747,2333.42,138,1
3748,216.29999999999998,9,1
3749,378.3,19,246
3750,177.1,8,147
3751,2210.2599999999998,140,28
3752,534.24,1,219
3753,2940.04,135,147
3754,120.9,9,176
3755,541.53,36,39
3756,-4287.63,1,144
3757,2504.86,279,1
3759,1648.95,107,0
3760,486.71999999999997,19,17
3761,517.53,61,191
3762,131.7,8,203
3763,249.86,17,364
3764,1737.7,19,126
3765,316.5,54,14
3766,657.3,111,42
3767,452.63,37,78
3768,757.46,111,22
3769,662.94,28,50
3770,1881.36,219,15
3771,289.96000000000004,9,157
3772,763.28,41,9
3773,137.0,5,9
3774,1843.06,90,15
3775,1125.07,78,44
3776,710.29,181,190
3777,194.37,14,78
3778,506.51,31,73
3779,1249.34,83,3
3780,414.04,21,64
3781,396.87,24,260
3782,376.64,29,58
3783,1926.8799999999999,86,0
3784,3541.92,110,0
3785,374.57,12,247
3786,497.56,27,7
3787,271.05,10,358
3788,272.22,17,75
3789,622.88,40,289
3790,1138.0,5,16
3791,288.6,18,220
3792,689.1,28,8
3793,558.96,38,2
3794,2745.2799999999997,140,205
3795,1145.84,52,161
3796,294.29,16,69
3797,605.58,88,261
3798,387.31,22,280
3799,6100.74,369,57
3800,308.48,20,24
3802,2920.04,106,28
3803,513.2,6,71
3804,208.65,40,127
3805,639.02,87,30
3806,768.08,137,14
3807,153.94,11,308
3808,1839.07,83,16
3809,546.81,30,53
3810,721.9599999999999,46,23
3811,1070.71,73,1
3812,652.74,33,10
3813,145.0,6,360
3814,422.70000000000005,9,359
3815,706.7,23,0
3816,888.86,49,53
3817,3540.1,260,0
3818,2385.0,394,0
3819,293.45,15,120
3820,223.36,9,53
3821,164.4,13,279
3822,76.5,3,176
3823,897.62,75,29
3824,98.42,9,25
3825,570.4,26,8
3826,170.75,25,269
3827,645.96,145,42
3828,-11.8,2,371
3829,-141.48,17,217
3830,148.86,6,23
3831,267.16,42,196
3832,306.84,43,358
3833,909.96,51,42
3834,1487.6,2,129
3835,1952.45,88,0
3836,483.26,106,19
3837,157.9,6,205
3838,541.46,34,13
3839,854.95,27,94
3840,167.62,46,18
3841,1107.38,64,13
3842,454.01,49,23
3843,901.21,152,7
3844,4012.56,177,6
3845,344.14,29,331
3846,1498.51,299,49
3847,226.75000000000003,12,70
3848,362.9,26,28
3849,185.65,8,242
3850,3457.78,417,7
3851,124.74,6,190
3852,440.2,52,4
3853,215.72,45,252
3854,10736.11,452,0
3855,175.27,29,235
3856,1227.3,36,6
3857,1133.07,214,108
3858,1240.2,23,99
3859,2404.17,253,59
3860,1479.22,201,1
3861,2215.02,167,72
3862,3911.56,215,3
3863,993.18,50,84
3864,388.79,83,11
3865,2827.93,270,22
3866,2044.3700000000001,55,213
3867,161.67000000000002,13,17
3868,116.00999999999999,9,238
3869,5050.77,565,1
3870,-1165.3,15,49
3871,309.36,63,216
3872,193.42,59,32
3873,1103.92,238,40
3874,3947.87,582,3
3875,1992.76,142,52
3876,4509.37,319,22
3877,390.07,100,56
3878,329.6,14,129
3879,571.1999999999999,3,173
3880,971.58,78,5
3881,218.52,77,311
3882,81.44,4,59
3883,1336.1,27,20
3884,527.0500000000001,33,32
3885,843.48,50,14
3886,2047.0,315,17
3887,75.75,5,80
3888,1784.12,124,5
3889,503.59999999999997,26,169
3890,528.33,39,1
3891,1242.34,72,30
3892,2361.9700000000003,297,35
3893,265.93,24,8
3894,547.0600000000001,35,30
3895,108.5,7,275
3896,621.66,5,86
3897,712.29,40,119
3898,101.55,8,372
3899,2768.98,169,0
3900,995.6600000000001,54,218
3901,133.06,7,64
3902,1789.55,92,60
3903,861.74,53,134
3904,166.08,8,20
3905,3886.67,239,11
3906,4737.13,270,24
3907,1175.88,50,28
3908,117.55,22,276
3909,2571.7400000000002,93,10
3910,1674.69,82,72
3911,485.88,23,10
3912,2954.75,161,3
3913,196.0,45,140
3914,1788.27,90,25
3915,604.64,43,18
3916,728.16,18,3
3917,2055.51,117,65
3918,347.75,15,0
3919,3406.7200000000003,68,42
3920,205.7,11,227
3921,1284.08,61,15
3922,3106.62,115,43
3923,1622.22,228,0
3924,551.04,27,73
3926,1383.27,79,3
3928,298.11,16,263
3929,1992.1100000000001,30,52
3930,184.4,11,23
3931,2459.33,119,9
3932,239.41,15,43
3933,3191.53,130,16
3934,5739.46,286,6
3935,4748.45,258,29
3936,290.40000000000003,19,357
3937,733.4399999999999,47,126
3938,187.02,18,135
3939,283.12,15,141
3940,765.34,35,131
3941,2201.05,126,37
3942,338.95,19,235
3943,154.95,8,260
3944,2508.89,146,16
3945,417.95,24,252
3946,1719.72,80,29
3947,798.74,55,34
3948,885.19,31,168
3949,1781.12,108,2
3950,10097.37,395,3
3951,152.4,5,184
3952,267.08,35,187
3953,137.45,7,169
3954,385.1,23,10
3955,522.91,29,44
3956,153.0,10,320
3957,326.4,1,200
3958,5505.79,254,22
3959,139.35,6,231
3960,5367.8,278,37
3961,1195.94,50,25
3962,2380.64,120,95
3963,3276.4000000000005,10,126
3964,995.6500000000001,45,57
3965,3371.13,198,15
3966,1042.55,67,8
3967,2515.68,169,3
3968,5288.83,220,2
3969,878.2,83,78
3970,303.97,18,372
3971,692.19,35,38
3972,700.63,43,53
3973,13110.02,690,1
3974,337.49,26,8
3975,168.24,10,8
3976,1863.35,99,18
3977,2786.05,48,11
3978,355.11,15,112
3979,2291.08,137,3
3980,98.8,8,234
3981,64.65,2,99
3982,674.52,35,177
3983,1797.57,193,4
3984,80.64,1,358
3985,1739.92,93,0
3987,3456.7000000000003,412,18
3988,834.99,95,16
3989,287.59,25,21
3990,712.78,19,32
3991,15.0,1,262
3992,818.8199999999999,75,50
3993,371.88,57,158
3994,271.2,21,14
3995,2273.1800000000003,105,7
3996,3960.63,313,12
3997,1143.27,38,198
3998,245.81,54,56
3999,182.77,53,10
4000,1215.46,157,96
4001,56.4,3,254
4002,665.86,194,24
4003,642.17,84,20
4004,188.02,12,158
4005,283.47,67,71
4006,131.94,13,52
4007,278.74,72,84
4008,1865.19,134,152
4009,1117.9,5,73
4010,225.9,14,280
4011,1965.55,190,26
4012,106.1,10,29
4013,323.04,58,24
4014,350.39,46,179
4015,697.9,82,39
4016,780.43,111,21
4017,3026.08,410,21
4018,1199.01,104,36
4019,1251.84,147,81
4020,512.31,10,73
4021,546.04,43,10
4022,4627.62,64,15
4024,732.16,141,12
4025,1714.6,378,13
4026,36.56,17,36
4027,387.68,33,3
4028,3661.0699999999997,49,71
4029,-24.05,5,190
4030,298.4,13,50
4031,1995.46,220,4
4032,1599.97,82,8
4033,889.24,30,298
4034,398.7,23,1
4035,35.400000000000006,2,32
4036,155.37,61,49
4037,350.64,61,2
4038,110.21000000000001,24,46
4039,1560.53,172,41
4040,2312.7,137,26
4041,338.8,56,41
4043,205.48,37,302
4044,51.559999999999995,5,106
4045,2033.1,1,84
4046,901.1999999999999,51,80
4047,605.8000000000001,26,217
4048,5288.63,312,301
4049,114.34,24,11
4050,311.26,15,184
4051,208.97,17,372
4052,1393.79,17,1
4054,5155.66,199,5
4055,148.21,25,304
4056,252.8,58,368
4057,2059.2,223,2
4058,330.9,11,323
4059,3160.0,148,58
4060,597.5,102,12
4061,10158.54,389,30
4062,325.7,10,142
4063,622.75,81,29
4064,428.18,40,106
4065,1889.4,280,1
4066,155.9,10,204
4067,1764.3600000000001,46,79
4068,658.26,47,184
4069,237.61,12,169
4070,379.45,26,43
4071,178.51999999999998,6,173
4072,458.92,26,364
4073,133.35000000000002,8,303
4074,671.77,145,2
4075,717.45,117,3
4076,190.19,64,11
4077,899.61,109,31
4078,111.35,10,128
4079,525.78,81,18
4080,203.87,21,211
4081,602.09,94,322
4082,203.85999999999999,34,161
4083,244.1,28,55
4084,112.25,16,224
4085,1119.81,193,71
4086,98.0,16,43
4087,256.32,2,22
4088,541.1,115,172
4089,152.06,28,84
4090,155.8,32,158
4091,15.0,11,164
4092,110.38,19,28
4093,178.92,39,20
4094,800.24,34,70
4095,72.9,12,246
4096,243.28,58,373
4097,366.23,39,8
4098,295.61,40,309
4099,411.6,59,58
4100,336.43,80,3
4101,341.28,94,44
4102,1304.04,23,87
4103,4204.1,696,3
4104,826.52,145,63
4105,207.50000000000003,1,281
4106,2894.33,38,0
4107,244.08,1,372
4108,397.29,21,132
4109,212.54,23,44
4110,834.5,6,10
4111,1740.48,39,35
4112,408.36,65,133
4113,1331.57,90,28
4114,704.25,21,51
4115,145.79,29,137
4116,389.84,77,4
4117,4301.22,43,8
4118,99.14,12,159
4119,1983.5800000000002,23,48
4120,304.56,2,130
4121,77.50000000000001,2,7
4122,149.57999999999998,20,232
4123,176.68,9,36
4124,358.56000000000006,1,146
4126,472.12,72,71
4127,990.8400000000001,21,39
4128,2295.37,489,4
4129,557.3,19,198
4130,12.75,1,248
4131,111.68,31,65
4132,508.4599999999999,7,116
4133,73.78,26,170
4134,1296.44,249,20
4135,102.83,35,141
4136,471.7,104,31
4137,2622.57,329,37
4138,1098.43,68,37
4139,123.07,48,371
4140,277.35,85,373
4141,228.2,14,165
4142,582.59,31,210
4143,136.04,31,241
4144,337.04,15,51
4145,740.79,179,24
4146,4393.61,297,14
4147,353.19,65,371
4148,288.14,21,28
4149,300.91999999999996,12,364
4150,737.81,147,35
4151,811.45,30,165
4152,152.68,48,144
4153,634.95,23,21
4154,20.8,1,55
4155,198.57,13,184
4156,191.17000000000002,39,11
4157,630.84,29,236
4158,93.35,5,224
4159,629.6899999999999,84,121
4160,76.1,2,281
4161,1511.3,180,73
4162,382.06,93,36
4163,417.23,58,11
4164,169.47,40,361
4165,249.72,60,3
4166,444.68,22,22
4167,2116.19,30,69
4168,252.24,33,234
4169,174.8,14,256
4170,102.78999999999999,28,372
4171,187.29,31,154
4172,166.42,32,27
4173,120.03,46,3
4174,1483.56,123,31
4175,523.0,3,80
4176,122.14,29,107
4177,38.45,5,51
4178,668.11,191,35
4179,236.77999999999997,22,152
4180,115.31,21,98
4181,220.7,10,3
4182,73.5,5,333
4183,97.97,34,64
4184,422.88,112,21
4185,730.4,53,35
4186,405.62,96,31
4187,70.02,19,153
4188,357.20000000000005,19,18
4189,4161.14,474,11
4190,165.04999999999998,7,53
4191,559.51,121,24
4192,2085.65,128,3
4193,189.4,47,44
4194,172.29000000000002,7,202
4195,74.4,5,358
4196,297.07,21,65
4197,6752.14,363,6
4198,363.65,19,287
4199,170.16,3,9
4200,296.71,21,8
4201,2119.41,46,21
4202,720.52,27,172
4203,814.0,7,132
4204,2380.08,138,5
4205,318.0,10,74
4206,396.33,37,39
4207,101.69999999999999,1,288
4208,2021.82,472,25
4209,453.0,25,257
4210,-5.329070518200751e-15,36,154
4211,3864.44,76,113
4212,489.6,13,373
4213,2538.7200000000003,153,22
4214,2633.0099999999998,227,7
4215,336.13,29,216
4216,3651.97,127,44
4217,1231.5,2,18
4218,343.45,17,35
4219,703.37,73,25
4220,87.52999999999999,2,15
4221,689.95,29,329
4222,101.34,7,273
4223,3770.1199999999994,7,97
4224,167.67000000000002,39,60
4225,9065.76,90,1
4226,2083.42,38,92
4227,3017.3,70,81
4228,580.0500000000001,21,312
4229,911.15,213,11
4230,2692.85,109,7
4231,168.31,19,126
4232,223.65,41,10
4234,754.64,38,36
4235,113.48000000000002,18,37
4236,430.7,39,329
4237,264.65,19,248
4238,7925.32,454,1
4239,206.05,49,18
4240,352.69,26,11
4241,76.32000000000001,1,368
4242,220.1,28,289
4243,1418.03,378,67
4244,320.72,74,25
4246,181.12,30,367
4247,111.15,17,213
4248,673.1,32,148
4249,1826.21,364,7
4250,589.4399999999999,36,23
4251,1141.34,197,29
4252,206.82999999999998,56,60
4253,348.73,47,18
4254,112.55000000000001,14,242
4255,1045.74,71,8
4256,715.4999999999999,2,210
4257,681.9100000000001,20,28
4258,761.83,39,62
4259,152.65,8,294
4260,8393.22,162,16
4261,-35.400000000000006,1,360
4262,1014.9,18,150
4263,1000.16,61,116
4264,2888.75,43,7
4265,2861.55,221,12
4266,160.35000000000002,10,140
4267,179.33999999999997,7,45
4268,612.0799999999999,16,50
4269,566.58,37,31
4270,653.35,38,134
4271,399.19,21,2
4272,347.82,28,74
4273,734.94,140,12
4274,451.75,35,8
4275,530.15,23,300
4276,638.0600000000001,39,56
4277,1612.79,81,9
4278,394.7,25,30
4279,302.46000000000004,10,176
4280,1355.51,43,3
4281,1133.64,140,175
4282,202.65,9,60
4283,980.31,38,32
4284,1208.51,56,58
4285,7490.17,197,14
4286,2106.84,31,86
4287,104.0,1,6
4288,448.65,33,353
4289,1314.17,75,30
4290,1573.41,99,113
4291,1793.17,90,8
4292,1843.75,119,4
4293,382.8,44,23
4294,600.52,44,217
4295,49.8,1,14
4296,304.25,17,248
4297,1998.49,72,14
4298,1084.34,69,77
4299,274.51,16,191
4300,207.79999999999998,7,261
4301,957.97,45,71
4302,212.96,18,150
4303,896.0,9,63
4304,689.13,141,94
4305,5083.06,166,3
4306,163.8,32,105
4307,1396.99,68,199
4308,160.42000000000002,19,156
4309,1979.3,202,70
4310,517.36,32,35
4311,139.10000000000002,8,28
4312,2621.38,134,1
4313,600.07,42,25
4314,248.42,43,325
4315,232.48000000000002,15,236
4316,299.34000000000003,13,88
4317,481.75,26,30
4318,621.75,31,28
4319,626.38,24,205
4320,2019.77,115,2
4321,297.78000000000003,4,219
4322,1033.31,65,21
4323,443.0,19,92
4324,6315.2300000000005,299,1
4325,158.95000000000002,10,263
4326,5361.02,286,2
4327,5192.1,245,38
4328,93.75,5,217
4329,769.2,32,49
4330,7276.900000000001,164,11
4331,2716.6000000000004,89,8
4332,2066.17,126,191
4333,582.47,40,81
4334,440.0,1,325
4335,1796.48,104,71
4336,882.24,49,29
4337,987.1,61,2
4338,1561.6100000000001,88,218
4339,422.58,6,45
4340,2058.09,105,9
4341,2232.4900000000002,78,71
4342,2507.56,177,6
4343,596.1,4,23
4344,783.02,49,113
4345,95.34,8,16
4346,342.92,22,300
4347,4314.72,16,86
4348,526.67,98,50
4349,103.3,6,88
4350,-50.1,4,354
4351,2265.38,123,38
4352,2338.6000000000004,42,24
4353,2595.0,140,172
4354,324.24,21,42
4355,149.48,13,139
4356,1211.08,62,22
4357,801.51,46,71
4358,0.0,2,133
4359,138.9,8,357
4360,238.95000000000002,13,37
4361,3064.78,170,2
4362,204.0,3,1
4363,1.7763568394002505e-15,22,17
4364,323.36,16,20
4365,97.63,9,57
4366,173.9,9,73
4367,180.60000000000002,10,277
4368,80.82,7,180
4369,176.6,13,7
4371,1837.28,70,42
