news_id,source_name,topics,rank_score,date,sentiment_Negative,sentiment_Neutral,sentiment_Positive,type_Article,type_Video
353,7,7,6.56,2018-02-13,0,1,0,0,1
145,7,7,6.56,2018-03-29,0,1,0,0,1
415,20,7,6.49,2018-04-15,0,1,0,0,1
417,4,7,5.24,2018-04-16,0,1,0,0,1
1085,20,7,6.49,2018-06-12,0,1,0,0,1
1190,11,7,5.61,2018-06-28,0,1,0,0,1
1283,9,7,6.54,2018-07-11,0,1,0,0,1
1322,9,7,6.54,2018-07-12,0,1,0,0,1
1342,9,7,6.54,2018-07-15,0,1,0,0,1
1358,9,7,6.54,2018-07-16,0,1,0,0,1
2089,9,7,6.54,2018-08-12,0,1,0,0,1
2274,9,7,6.54,2018-08-16,0,1,0,0,1
2322,9,7,6.54,2018-08-19,0,1,0,0,1
2792,9,7,6.54,2018-09-05,0,1,0,0,1
3160,9,7,6.54,2018-09-16,0,1,0,0,1
3583,9,7,6.54,2018-09-24,0,1,0,0,1
3705,9,7,6.54,2018-09-27,0,1,0,0,1
3986,9,7,6.54,2018-10-04,0,1,0,0,1
4206,9,7,6.54,2018-10-11,0,1,0,0,1
4343,9,7,6.54,2018-10-15,0,1,0,0,1
4367,9,7,6.54,2018-10-16,0,1,0,0,1
4469,33,7,4.89,2018-10-18,0,1,0,0,1
4569,57,7,4.86,2018-10-21,0,1,0,0,1
5083,20,7,6.49,2018-10-31,0,1,0,0,1
5167,20,7,6.49,2018-11-01,0,1,0,0,1
5474,9,7,6.54,2018-11-08,0,1,0,0,1
6451,9,7,6.54,2018-12-10,0,1,0,0,1
6929,9,7,6.54,2018-12-27,0,1,0,0,1
7009,9,7,6.54,2019-01-01,0,1,0,0,1
7263,9,7,6.54,2019-01-09,0,1,0,0,1
7340,11,7,5.61,2019-01-13,0,1,0,0,1
7424,9,7,6.54,2019-01-14,0,1,0,0,1
7434,9,7,6.54,2019-01-15,0,1,0,0,1
7481,9,7,6.54,2019-01-16,0,1,0,0,1
7552,9,7,6.54,2019-01-17,0,1,0,0,1
7583,10,7,5.56,2019-01-18,0,1,0,0,1
7796,9,7,6.54,2019-01-22,0,1,0,0,1
8442,56,7,5.91,2019-01-31,0,1,0,0,1
8891,56,7,5.91,2019-02-07,0,1,0,0,1
9044,9,7,6.54,2019-02-11,0,1,0,0,1
9134,9,7,6.54,2019-02-12,0,1,0,0,1
9481,56,7,5.91,2019-02-18,0,1,0,0,1
9540,4,7,5.24,2019-02-19,0,1,0,0,1
9719,9,7,6.54,2019-02-21,0,1,0,0,1
87874,25,7,6.39,2019-02-24,0,0,1,1,0
9900,56,7,5.91,2019-02-25,0,1,0,0,1
10206,9,7,6.54,2019-03-03,1,0,0,0,1
10284,9,7,6.54,2019-03-04,1,0,0,0,1
11017,9,7,6.54,2019-03-08,1,0,0,0,1
11250,51,7,6.16,2019-03-10,1,0,0,1,0
14250,51,7,6.16,2019-03-14,0,0,1,1,0
16917,7,7,6.56,2019-03-15,0,0,1,1,0
25667,7,0,6.77,2019-03-19,0,0,1,1,0
26436,7,7,6.56,2019-03-20,0,0,1,1,0
26822,19,7,6.36,2019-03-21,0,0,1,1,0
27311,9,7,6.54,2019-03-22,0,0,1,0,1
27532,51,7,6.16,2019-03-23,0,0,1,1,0
27794,2,7,6.27,2019-03-24,0,0,1,1,0
28157,30,7,6.04,2019-03-25,0,0,1,1,0
28434,19,7,6.36,2019-03-26,0,0,1,1,0
29247,51,7,6.16,2019-03-28,0,0,1,1,0
29794,20,7,6.49,2019-03-29,0,1,0,0,1
30791,57,7,4.86,2019-04-01,0,0,1,1,0
52182,44,7,5.11,2019-05-07,0,0,1,1,0
52982,26,7,5.74,2019-05-08,0,1,0,1,0
54624,7,12,6.81,2019-05-09,0,0,1,1,0
55512,7,7,6.56,2019-05-10,0,0,1,1,0
56275,47,7,6.24,2019-05-11,1,0,0,1,0
57169,51,7,6.16,2019-05-13,0,0,1,1,0
57256,7,7,6.56,2019-05-14,0,0,1,1,0
59189,51,7,6.16,2019-05-16,0,0,1,1,0
59653,25,7,6.39,2019-05-17,0,1,0,1,0
59925,7,7,6.56,2019-05-18,0,1,0,1,0
60054,51,7,6.16,2019-05-19,0,0,1,1,0
60742,19,7,6.36,2019-05-21,0,1,0,1,0
62292,25,7,6.39,2019-05-23,0,0,1,1,0
62900,9,7,6.54,2019-05-24,0,0,1,0,1
63100,51,7,6.16,2019-05-25,0,0,1,1,0
63342,51,7,6.16,2019-05-26,1,0,0,1,0
63592,51,7,6.16,2019-05-27,0,1,0,1,0
63955,7,7,6.56,2019-05-28,0,1,0,1,0
64885,20,7,6.49,2019-05-29,0,1,0,0,1
65879,47,7,6.24,2019-05-30,0,0,1,1,0
66604,26,7,5.74,2019-05-31,0,0,1,1,0
67196,44,7,7.36,2019-06-01,0,0,1,1,0
71024,47,7,6.24,2019-06-03,0,0,1,1,0
71725,7,7,8.81,2019-06-04,0,0,1,1,0
74346,9,18,6.42,2019-06-06,0,0,1,0,1
75710,26,7,5.74,2019-06-10,0,1,0,1,0
77207,19,7,6.36,2019-06-11,0,1,0,1,0
77866,9,7,8.79,2019-06-12,0,0,1,0,1
78975,7,7,6.56,2019-06-13,1,0,0,1,0
79523,26,7,7.99,2019-06-14,0,0,1,1,0
80084,51,7,8.41,2019-06-15,0,1,0,1,0
80702,30,7,6.04,2019-06-17,1,0,0,1,0
81174,7,18,6.44,2019-06-18,0,0,1,1,0
82529,7,7,6.56,2019-06-19,1,0,0,1,0
83196,7,7,8.81,2019-06-20,0,1,0,1,0
84155,9,7,8.79,2019-06-21,0,0,1,0,1
84804,47,16,6.16,2019-06-22,0,0,1,1,0
85152,0,7,8.59,2019-06-24,0,1,0,1,0
86687,51,7,8.41,2019-06-25,0,1,0,1,0
87114,2,7,6.27,2019-06-26,1,0,0,1,0
88488,9,7,8.79,2019-06-27,0,0,1,0,1
89714,51,7,6.16,2019-06-28,0,0,1,1,0
90561,7,7,8.81,2019-07-01,0,0,1,1,0
137896,30,7,8.29,2019-08-29,1,0,0,1,0
138734,51,7,6.16,2019-08-30,0,1,0,1,0
139757,41,7,8.76,2019-09-03,0,1,0,1,0
141319,26,7,5.74,2019-09-04,1,0,0,1,0
142375,47,7,6.24,2019-09-05,0,0,1,1,0
143781,9,7,6.54,2019-09-06,0,1,0,0,1
143894,7,7,6.56,2019-09-07,0,1,0,1,0
144405,7,7,8.81,2019-09-09,0,0,1,1,0
145755,7,7,8.81,2019-09-10,1,0,0,1,0
146441,2,7,8.52,2019-09-11,0,0,1,1,0
147412,51,10,6.45,2019-09-12,0,0,1,1,0
148336,7,7,8.81,2019-09-13,0,0,1,1,0
148981,50,7,6.46,2019-09-14,0,0,1,1,0
149153,51,7,6.16,2019-09-15,0,0,1,1,0
149823,7,7,6.56,2019-09-16,0,1,0,1,0
150695,25,10,8.93,2019-09-17,0,0,1,1,0
151449,7,7,6.56,2019-09-18,0,1,0,1,0
152435,7,7,6.56,2019-09-19,1,0,0,1,0
153526,7,0,9.02,2019-09-20,0,1,0,1,0
154704,7,7,6.56,2019-09-23,1,0,0,1,0
155465,7,7,8.81,2019-09-24,1,0,0,1,0
156349,7,7,8.81,2019-09-25,1,0,0,1,0
157615,19,7,8.61,2019-09-26,0,0,1,1,0
159028,9,7,6.54,2019-09-27,1,0,0,0,1
159820,9,7,6.54,2019-09-30,0,0,1,0,1
161105,9,7,8.79,2019-10-01,0,0,1,0,1
214238,7,7,6.56,2019-12-03,1,0,0,1,0
216735,51,7,6.16,2019-12-05,0,1,0,1,0
217940,35,7,6.44,2019-12-06,0,0,1,1,0
219111,9,7,8.79,2019-12-09,0,0,1,0,1
220072,9,7,8.79,2019-12-10,1,0,0,0,1
220343,7,7,8.81,2019-12-11,1,0,0,1,0
221471,51,7,6.16,2019-12-12,0,0,1,1,0
222471,44,7,7.36,2019-12-13,0,0,1,1,0
222916,51,7,6.16,2019-12-14,0,0,1,1,0
223851,13,7,8.56,2019-12-16,0,0,1,1,0
224701,13,7,6.31,2019-12-17,0,0,1,1,0
225475,35,7,6.44,2019-12-18,0,0,1,1,0
226330,44,7,7.36,2019-12-19,0,0,1,1,0
226998,41,7,6.51,2019-12-20,0,0,1,1,0
227666,51,7,6.16,2019-12-21,0,0,1,1,0
227984,7,7,6.56,2019-12-23,0,0,1,1,0
228718,51,7,8.41,2019-12-24,0,0,1,1,0
229202,51,7,8.41,2019-12-25,0,0,1,1,0
229574,9,10,9.08,2019-12-26,0,0,1,0,1
230291,9,7,6.54,2019-12-27,1,0,0,0,1
230460,51,10,8.7,2019-12-28,0,0,1,1,0
230975,9,7,8.79,2019-12-30,0,0,1,0,1
231340,51,7,6.17,2019-12-31,0,1,0,1,0
263310,51,7,6.17,2020-02-11,0,1,0,1,0
266292,2,7,6.27,2020-02-13,0,0,1,1,0
267629,7,7,6.57,2020-02-16,1,0,0,1,0
268982,17,7,6.3,2020-02-18,0,1,0,1,0
270945,57,10,5.15,2020-02-20,0,0,1,1,0
272234,51,7,6.17,2020-02-21,0,0,1,1,0
273121,19,7,6.37,2020-02-23,0,0,1,1,0
274120,13,7,6.32,2020-02-24,0,0,1,1,0
274859,26,7,5.75,2020-02-25,0,0,1,1,0
276554,13,7,6.32,2020-02-26,0,0,1,1,0
278091,7,7,8.82,2020-02-27,0,0,1,1,0
278674,7,7,6.57,2020-02-28,0,0,1,1,0
280020,57,7,4.87,2020-03-02,0,0,1,1,0
282743,27,7,6.07,2020-03-04,0,0,1,1,0
283327,26,7,8,2020-03-05,0,0,1,1,0
284509,51,7,6.17,2020-03-06,0,0,1,1,0
285647,51,7,6.17,2020-03-08,0,0,1,1,0
285952,17,7,6.3,2020-03-09,0,1,0,1,0
287807,19,7,6.37,2020-03-10,1,0,0,1,0
288718,2,7,8.52,2020-03-11,0,0,1,1,0
290372,13,7,6.32,2020-03-12,0,1,0,1,0
290945,17,7,8.55,2020-03-13,0,0,1,1,0
291711,51,7,8.42,2020-03-14,0,0,1,1,0
291893,51,7,6.17,2020-03-15,0,1,0,1,0
293254,9,7,6.55,2020-03-16,1,0,0,0,1
294123,27,7,8.32,2020-03-17,0,0,1,1,0
295636,7,0,6.77,2020-03-18,0,1,0,1,0
296240,12,7,6.42,2020-03-19,0,1,0,1,0
298342,50,7,6.47,2020-03-20,0,0,1,1,0
298274,51,7,8.42,2020-03-21,0,0,1,1,0
298517,41,7,6.52,2020-03-22,0,1,0,1,0
299582,27,7,8.32,2020-03-23,0,0,1,1,0
300123,41,7,6.52,2020-03-24,0,1,0,1,0
301474,2,10,6.55,2020-03-25,0,0,1,1,0
302861,2,7,6.27,2020-03-26,0,0,1,1,0
304750,51,7,6.17,2020-03-29,0,0,1,1,0
305831,19,7,6.37,2020-03-30,0,0,1,1,0
306691,51,7,8.42,2020-03-31,0,0,1,1,0
307485,30,7,8.27,2020-04-01,0,0,1,1,0
334311,51,10,6.45,2020-04-29,0,1,0,1,0
335230,26,17,5.11,2020-04-30,0,0,1,1,0
337500,19,7,6.37,2020-05-01,0,1,0,1,0
340183,44,7,5.12,2020-05-05,0,1,0,1,0
342385,26,7,5.75,2020-05-06,0,0,1,1,0
344517,26,7,8,2020-05-07,0,0,1,1,0
345618,26,7,5.75,2020-05-08,0,0,1,1,0
347233,25,7,6.4,2020-05-10,1,0,0,1,0
349146,7,7,6.57,2020-05-12,0,0,1,1,0
350706,2,7,6.27,2020-05-13,0,0,1,1,0
352409,19,7,8.62,2020-05-14,0,0,1,1,0
353237,7,7,8.82,2020-05-15,0,0,1,1,0
357014,19,7,6.37,2020-05-19,0,0,1,1,0
357360,26,7,5.75,2020-05-20,0,1,0,1,0
359342,25,7,6.4,2020-05-21,1,0,0,1,0
360536,30,7,8.27,2020-05-22,1,0,0,1,0
360792,51,7,6.17,2020-05-23,0,1,0,1,0
361713,30,7,8.27,2020-05-26,1,0,0,1,0
363146,30,7,8.27,2020-05-27,1,0,0,1,0
364370,25,7,6.4,2020-05-28,1,0,0,1,0
366791,51,7,6.17,2020-05-31,0,0,1,1,0
367084,19,7,6.37,2020-06-01,0,1,0,1,0
374274,57,7,4.87,2020-06-08,0,0,1,1,0
375872,2,7,6.27,2020-06-09,0,0,1,1,0
376420,51,7,6.17,2020-06-10,0,0,1,1,0
378185,51,7,6.17,2020-06-11,0,0,1,1,0
379067,41,7,6.52,2020-06-12,0,1,0,1,0
380176,51,7,6.17,2020-06-14,0,1,0,1,0
380695,57,7,4.87,2020-06-15,0,1,0,1,0
382501,51,7,6.17,2020-06-16,0,0,1,1,0
383148,7,0,7.22,2020-06-17,0,1,0,1,0
384765,51,7,6.17,2020-06-18,0,0,1,1,0
385831,51,7,6.17,2020-06-19,0,0,1,1,0
387644,30,7,8.27,2020-06-22,0,0,1,1,0
389056,30,7,6.02,2020-06-23,0,0,1,1,0
390494,19,7,6.37,2020-06-24,1,0,0,1,0
392783,51,7,6.17,2020-06-26,0,0,1,1,0
395662,9,1,7.16,2020-06-30,0,0,1,0,1
397339,2,7,6.72,2020-07-01,0,0,1,1,0
417854,51,10,6.45,2020-07-21,0,1,0,1,0
419975,19,7,6.37,2020-07-22,0,1,0,1,0
423603,44,7,5.12,2020-07-23,0,1,0,1,0
425530,51,7,6.17,2020-07-26,0,1,0,1,0
426282,30,7,8.27,2020-07-27,0,0,1,1,0
428563,13,7,6.32,2020-07-28,0,0,1,1,0
430613,51,7,6.17,2020-07-29,0,0,1,1,0
433403,19,7,6.37,2020-07-30,0,0,1,1,0
435877,51,7,6.17,2020-07-31,0,0,1,1,0
443460,51,17,5.54,2020-08-05,0,0,1,1,0
448577,13,7,6.32,2020-08-07,1,0,0,1,0
449494,7,12,6.81,2020-08-09,0,1,0,1,0
449938,26,7,5.75,2020-08-10,0,1,0,1,0
453184,22,7,5.95,2020-08-11,0,1,0,1,0
458379,57,7,4.87,2020-08-15,1,0,0,1,0
461465,51,7,6.17,2020-08-18,0,0,1,1,0
465124,51,7,6.17,2020-08-21,0,1,0,1,0
465861,51,7,6.17,2020-08-22,0,0,1,1,0
470148,51,7,6.17,2020-08-26,0,0,1,1,0
471424,25,7,6.4,2020-08-27,0,0,1,1,0
473443,49,7,6.2,2020-08-28,0,0,1,1,0
473658,51,7,6.17,2020-08-29,0,0,1,1,0
476557,19,7,6.37,2020-09-01,0,1,0,1,0
478347,7,7,6.57,2020-09-02,0,0,1,1,0
479915,13,7,6.32,2020-09-03,0,0,1,1,0
481597,34,14,4.84,2020-09-04,0,0,1,1,0
481986,56,7,5.92,2020-09-05,0,0,1,0,1
482359,19,0,6.57,2020-09-07,0,0,1,1,0
482940,50,0,6.67,2020-09-08,0,0,1,1,0
484677,9,0,9,2020-09-09,0,1,0,0,1
486985,12,0,6.62,2020-09-10,0,1,0,1,0
488780,19,7,6.37,2020-09-11,1,0,0,1,0
489229,56,0,6.12,2020-09-13,0,0,1,0,1
491000,2,7,6.27,2020-09-14,1,0,0,1,0
492028,51,7,6.17,2020-09-15,0,0,1,1,0
493632,2,7,6.27,2020-09-16,0,1,0,1,0
494715,51,7,6.17,2020-09-17,0,0,1,1,0
497038,57,7,4.87,2020-09-18,0,1,0,1,0
498004,51,7,6.17,2020-09-21,0,0,1,1,0
499231,26,7,5.75,2020-09-22,0,0,1,1,0
503281,17,7,6.3,2020-09-25,1,0,0,1,0
504383,51,7,6.17,2020-09-27,0,0,1,1,0
505190,13,7,6.32,2020-09-28,0,1,0,1,0
506838,19,7,6.37,2020-09-29,0,1,0,1,0
508132,9,7,6.55,2020-09-30,0,0,1,0,1
510129,51,7,6.17,2020-10-01,0,0,1,1,0
531440,9,10,7.28,2020-10-21,1,0,0,0,1
533375,22,7,5.95,2020-10-22,0,0,1,1,0
535346,22,7,5.95,2020-10-23,1,0,0,1,0
536255,51,7,6.17,2020-10-24,1,0,0,1,0
536655,26,10,6.03,2020-10-26,0,0,1,1,0
539436,44,7,5.12,2020-10-27,0,0,1,1,0
540974,51,7,6.17,2020-10-28,0,0,1,1,0
545237,2,7,8.97,2020-10-29,0,0,1,1,0
547561,19,7,6.37,2020-10-30,0,0,1,1,0
548173,7,7,7.02,2020-10-31,0,0,1,1,0
549493,5,7,5.17,2020-11-02,0,0,1,1,0
552075,44,7,5.12,2020-11-03,0,0,1,1,0
554180,51,7,6.17,2020-11-04,0,1,0,1,0
555214,51,7,6.17,2020-11-05,0,0,1,1,0
558580,0,7,6.35,2020-11-06,0,1,0,1,0
559897,7,7,6.57,2020-11-08,0,0,1,1,0
560001,2,7,6.27,2020-11-09,0,0,1,1,0
563342,51,0,6.37,2020-11-10,0,1,0,1,0
565353,51,7,6.17,2020-11-11,1,0,0,1,0
568281,19,7,6.37,2020-11-13,0,0,1,1,0
569384,51,7,6.17,2020-11-14,0,0,1,1,0
569532,5,16,5.09,2020-11-15,0,0,1,1,0
571178,22,7,5.95,2020-11-16,0,1,0,1,0
575600,9,7,6.55,2020-11-19,0,0,1,0,1
577165,51,7,6.17,2020-11-20,0,0,1,1,0
577957,51,7,6.17,2020-11-21,0,0,1,1,0
579560,47,7,6.25,2020-11-23,0,0,1,1,0
579822,2,7,6.27,2020-11-24,0,0,1,1,0
582150,19,7,6.37,2020-11-25,0,0,1,1,0
583080,51,15,5.62,2020-11-26,0,0,1,1,0
584207,5,7,5.17,2020-11-28,0,0,1,1,0
585115,47,7,6.25,2020-11-30,0,1,0,1,0
586960,27,7,6.07,2020-12-01,0,0,1,1,0
588672,25,7,6.4,2020-12-02,0,0,1,1,0
592081,42,7,5.7,2020-12-04,0,1,0,1,0
594250,0,7,6.35,2020-12-07,0,1,0,1,0
604005,51,7,6.17,2020-12-14,0,1,0,1,0
605151,27,7,6.07,2020-12-15,0,0,1,1,0
607195,13,7,6.32,2020-12-16,0,0,1,1,0
607336,2,7,6.27,2020-12-17,0,0,1,1,0
609519,51,7,6.17,2020-12-18,0,0,1,1,0
610569,51,7,6.17,2020-12-20,0,0,1,1,0
614017,19,7,6.37,2020-12-23,0,0,1,1,0
616062,40,7,6.1,2020-12-27,0,1,0,1,0
619053,17,7,6.3,2020-12-30,0,0,1,1,0
619513,51,7,6.17,2020-12-31,0,0,1,1,0
640029,7,10,7.3,2021-01-19,0,1,0,1,0
640872,7,10,7.3,2021-01-20,0,0,1,1,0
643026,49,10,6.93,2021-01-21,0,0,1,1,0
645082,51,10,6.45,2021-01-22,0,0,1,1,0
645368,51,10,6.45,2021-01-23,0,0,1,1,0
645478,51,7,6.17,2021-01-24,0,0,1,1,0
645739,2,7,6.27,2021-01-25,0,1,0,1,0
648169,51,7,6.17,2021-01-26,0,0,1,1,0
651411,51,7,6.17,2021-01-27,1,0,0,1,0
653090,10,16,5.49,2021-01-28,0,1,0,1,0
655617,51,7,6.17,2021-01-29,0,0,1,1,0
659277,51,7,6.17,2021-02-02,0,1,0,1,0
662556,9,7,6.55,2021-02-03,0,0,1,0,1
665658,2,7,6.27,2021-02-05,0,0,1,1,0
667200,51,7,6.17,2021-02-06,0,0,1,1,0
671097,2,7,6.27,2021-02-09,0,0,1,1,0
672021,51,15,5.62,2021-02-10,0,1,0,1,0
674563,51,7,6.17,2021-02-11,0,0,1,1,0
684557,51,7,6.17,2021-02-18,0,1,0,1,0
689463,37,2,5.35,2021-02-22,0,1,0,1,0
693248,27,7,6.07,2021-02-24,0,0,1,1,0
694853,7,7,6.57,2021-02-25,0,0,1,1,0
698712,9,0,6.75,2021-02-26,0,0,1,0,1
700287,19,13,5.38,2021-02-28,0,1,0,1,0
702182,51,7,6.17,2021-03-01,0,0,1,1,0
704116,7,7,6.57,2021-03-02,0,0,1,1,0
706868,2,7,6.27,2021-03-03,0,1,0,1,0
709017,19,13,5.38,2021-03-04,0,0,1,1,0
710097,51,7,6.17,2021-03-05,0,1,0,1,0
713655,19,13,5.38,2021-03-08,0,0,1,1,0
720026,7,16,6.94,2021-03-11,0,0,1,1,0
720826,50,7,6.92,2021-03-12,0,1,0,1,0
722469,13,7,6.77,2021-03-13,0,0,1,1,0
723875,51,7,6.17,2021-03-15,0,1,0,1,0
726843,0,7,6.35,2021-03-16,1,0,0,1,0
727501,57,7,4.87,2021-03-17,0,1,0,1,0
731193,51,7,6.17,2021-03-19,0,0,1,1,0
735619,51,7,6.17,2021-03-23,0,1,0,1,0
736664,2,7,6.27,2021-03-24,0,1,0,1,0
739277,57,7,4.87,2021-03-25,0,0,1,1,0
741829,40,7,6.1,2021-03-27,0,0,1,1,0
742396,2,7,6.27,2021-03-29,0,0,1,1,0
745361,30,13,5.03,2021-03-30,0,1,0,1,0
746951,2,7,6.27,2021-03-31,0,1,0,1,0
749978,9,7,6.55,2021-04-01,0,0,1,0,1
775912,7,10,7.3,2021-04-20,1,0,0,1,0
777067,9,10,7.28,2021-04-21,0,1,0,0,1
779817,2,7,6.27,2021-04-22,1,0,0,1,0
783028,41,7,6.52,2021-04-23,0,1,0,1,0
783224,51,10,6.45,2021-04-24,0,1,0,1,0
783361,51,7,6.17,2021-04-25,0,0,1,1,0
783550,2,7,6.27,2021-04-26,0,1,0,1,0
788060,26,10,6.03,2021-04-27,0,0,1,1,0
789744,7,16,6.94,2021-04-28,0,0,1,1,0
795843,2,16,6.19,2021-04-30,0,1,0,0,1
797983,51,15,5.62,2021-05-01,0,1,0,1,0
800200,44,13,4.13,2021-05-03,0,0,1,1,0
807198,2,7,6.27,2021-05-06,1,0,0,1,0
812391,2,7,6.27,2021-05-07,0,0,1,1,0
814434,19,13,5.38,2021-05-10,1,0,0,1,0
820323,28,7,6.05,2021-05-12,1,0,0,1,0
821633,51,7,6.17,2021-05-13,0,0,1,1,0
827854,9,12,6.79,2021-05-17,1,0,0,0,1
828852,51,7,6.17,2021-05-18,0,0,1,1,0
831818,39,7,5.77,2021-05-19,0,0,1,1,0
833924,57,10,5.15,2021-05-20,1,0,0,1,0
836064,2,7,6.72,2021-05-21,0,0,1,1,0
838272,47,0,6.45,2021-05-24,0,0,1,1,0
840172,2,7,6.27,2021-05-25,0,0,1,1,0
841476,30,12,6.3,2021-05-26,1,0,0,1,0
843681,51,7,6.17,2021-05-27,1,0,0,1,0
847492,57,7,4.87,2021-05-31,0,1,0,1,0
851023,50,7,6.47,2021-06-02,0,0,1,1,0
853427,30,18,5.98,2021-06-03,1,0,0,1,0
856319,51,7,6.17,2021-06-06,0,1,0,1,0
858005,26,7,5.75,2021-06-07,0,1,0,1,0
861323,51,7,6.17,2021-06-09,0,1,0,1,0
863743,41,7,9.22,2021-06-10,0,0,1,1,0
865027,57,7,4.87,2021-06-11,0,0,1,1,0
866748,2,7,6.27,2021-06-14,0,0,1,1,0
869302,51,7,6.17,2021-06-15,0,0,1,1,0
871043,51,7,6.17,2021-06-16,0,1,0,1,0
872811,51,7,6.17,2021-06-17,0,0,1,1,0
876756,30,13,7.73,2021-06-21,0,0,1,1,0
878757,2,7,6.27,2021-06-22,0,1,0,1,0
880601,9,7,6.55,2021-06-23,1,0,0,0,1
881147,51,7,6.17,2021-06-24,0,0,1,1,0
883874,9,7,7,2021-06-25,0,0,1,0,1
884347,49,7,6.2,2021-06-26,0,0,1,1,0
885651,20,7,6.5,2021-06-28,0,0,1,0,1
887470,51,7,6.17,2021-06-29,0,1,0,1,0
889853,2,7,6.27,2021-06-30,1,0,0,1,0
891212,51,7,6.17,2021-07-01,0,1,0,1,0
913646,19,10,6.65,2021-07-19,0,1,0,1,0
916194,7,10,7.3,2021-07-20,1,0,0,1,0
918368,9,10,7.28,2021-07-21,0,0,1,0,1
920718,25,10,6.68,2021-07-22,1,0,0,1,0
922497,51,7,6.17,2021-07-23,1,0,0,1,0
923964,51,10,6.45,2021-07-24,0,1,0,1,0
926589,26,10,6.03,2021-07-26,1,0,0,1,0
927462,51,7,6.17,2021-07-27,0,0,1,1,0
931627,7,7,6.57,2021-07-28,0,1,0,1,0
934301,51,7,6.17,2021-07-29,0,0,1,1,0
936745,51,7,6.17,2021-07-30,0,1,0,1,0
938596,51,15,5.62,2021-07-31,1,0,0,1,0
938950,51,15,5.62,2021-08-01,0,1,0,1,0
945877,51,7,6.17,2021-08-04,0,0,1,1,0
949007,2,7,6.27,2021-08-05,0,0,1,1,0
956992,0,7,6.35,2021-08-10,1,0,0,1,0
959451,0,7,6.35,2021-08-11,1,0,0,1,0
971390,7,7,7.02,2021-08-18,1,0,0,1,0
971875,2,7,6.72,2021-08-19,1,0,0,1,0
974717,30,13,5.03,2021-08-20,0,0,1,1,0
975205,51,7,6.17,2021-08-21,0,1,0,1,0
976721,30,13,5.03,2021-08-23,0,0,1,1,0
982212,2,7,6.27,2021-08-26,0,0,1,1,0
983925,51,7,6.17,2021-08-27,0,0,1,1,0
984866,51,7,6.17,2021-08-28,0,0,1,1,0
986136,7,7,6.57,2021-08-30,0,0,1,1,0
988106,38,7,5.72,2021-08-31,0,0,1,1,0
990603,9,7,6.55,2021-09-01,0,0,1,0,1
992317,9,7,6.55,2021-09-02,0,0,1,0,1
994479,9,7,6.55,2021-09-03,0,0,1,0,1
994734,40,7,6.1,2021-09-04,0,0,1,1,0
994910,51,7,6.17,2021-09-05,0,0,1,1,0
997231,9,7,6.55,2021-09-07,0,0,1,0,1
998779,7,7,6.57,2021-09-08,0,0,1,1,0
999666,2,7,6.27,2021-09-09,0,1,0,1,0
1009023,2,7,6.27,2021-09-15,1,0,0,1,0
1013072,51,10,6.45,2021-09-18,0,0,1,1,0
1015215,47,7,6.25,2021-09-20,0,0,1,1,0
1015221,2,7,6.27,2021-09-21,0,0,1,1,0
1017307,7,12,7.26,2021-09-22,0,0,1,1,0
1019645,51,12,6.86,2021-09-23,0,0,1,1,0
1022169,13,7,6.32,2021-09-24,0,1,0,1,0
1024817,41,0,6.72,2021-09-27,0,1,0,1,0
1026526,30,12,6.75,2021-09-28,0,0,1,1,0
1028537,9,12,6.79,2021-09-29,0,0,1,0,1
1029309,51,12,6.86,2021-09-30,0,0,1,1,0
1031586,7,7,7.02,2021-10-01,0,0,1,1,0
1052056,9,7,6.55,2021-10-15,1,0,0,0,1
1052341,7,7,6.57,2021-10-16,0,0,1,1,0
1052501,41,7,6.52,2021-10-17,0,0,1,1,0
1054672,28,10,6.33,2021-10-18,0,0,1,1,0
1056615,9,10,7.28,2021-10-19,0,0,1,0,1
1058102,9,10,7.28,2021-10-20,0,0,1,0,1
1060934,51,10,6.45,2021-10-21,0,0,1,1,0
1062998,2,7,6.27,2021-10-22,0,0,1,1,0
1063913,51,10,6.45,2021-10-23,0,1,0,1,0
1064776,51,10,6.45,2021-10-25,0,0,1,1,0
1067265,51,10,6.45,2021-10-26,0,0,1,1,0
1073545,51,7,6.17,2021-10-28,0,0,1,1,0
1076381,19,13,5.38,2021-10-29,0,0,1,1,0
1082529,7,7,7.02,2021-11-02,0,0,1,1,0
1084221,51,7,6.17,2021-11-03,0,0,1,1,0
1087249,12,16,6.34,2021-11-04,0,0,1,1,0
1091124,51,7,6.17,2021-11-05,0,0,1,1,0
1093276,44,13,4.13,2021-11-07,0,1,0,1,0
1095026,9,7,6.55,2021-11-08,1,0,0,0,1
1097256,35,16,6.37,2021-11-09,0,0,1,1,0
1103751,42,7,5.7,2021-11-11,0,0,1,1,0
1106498,51,7,6.17,2021-11-13,0,0,1,1,0
1108605,40,7,6.1,2021-11-15,0,1,0,1,0
1111800,35,7,6.45,2021-11-16,0,0,1,1,0
1112802,51,7,6.17,2021-11-17,0,0,1,1,0
1115610,7,7,6.57,2021-11-18,0,1,0,1,0
1117087,51,15,5.62,2021-11-19,0,0,1,1,0
1118328,44,13,4.13,2021-11-20,0,0,1,1,0
1120535,30,12,6.3,2021-11-22,0,0,1,1,0
1122332,19,13,5.38,2021-11-23,1,0,0,1,0
1124210,51,12,6.41,2021-11-25,0,1,0,1,0
1125007,40,7,6.1,2021-11-26,0,0,1,1,0
1125791,40,7,6.1,2021-11-28,0,1,0,1,0
1128885,51,7,6.17,2021-11-30,0,1,0,1,0
1138228,6,6,4.86,2021-12-06,0,1,0,1,0
1142636,57,7,4.87,2021-12-08,0,0,1,1,0
1144446,2,7,6.27,2021-12-09,0,0,1,1,0
1146207,51,7,6.17,2021-12-11,0,0,1,1,0
1148633,47,7,6.25,2021-12-14,0,1,0,1,0
1151905,2,7,6.27,2021-12-15,1,0,0,1,0
1154280,19,13,5.38,2021-12-16,0,1,0,1,0
1155982,7,7,6.57,2021-12-17,0,0,1,1,0
1158073,57,7,4.87,2021-12-20,0,0,1,1,0
1159084,51,7,6.17,2021-12-21,0,0,1,1,0
1160169,51,7,6.17,2021-12-22,0,0,1,1,0
1162279,51,7,6.17,2021-12-23,0,0,1,1,0
1164994,44,13,4.13,2021-12-28,0,1,0,1,0
1166211,57,7,4.87,2021-12-29,1,0,0,1,0
1167022,42,7,5.7,2021-12-30,0,0,1,1,0
1196688,51,7,6.17,2022-01-22,1,0,0,1,0
1196843,51,7,6.17,2022-01-23,1,0,0,1,0
1198315,7,7,6.57,2022-01-24,1,0,0,1,0
1200380,9,7,6.55,2022-01-25,0,0,1,0,1
1203456,41,7,6.97,2022-01-26,0,0,1,1,0
1205128,7,7,7.02,2022-01-27,0,0,1,1,0
1207949,9,7,6.55,2022-01-28,0,0,1,0,1
1208342,2,0,6.47,2022-01-29,0,0,1,1,0
1208736,51,10,6.45,2022-01-31,1,0,0,1,0
1212355,2,7,6.27,2022-02-01,0,0,1,1,0
1213190,2,7,6.27,2022-02-02,0,1,0,1,0
1216700,2,7,6.27,2022-02-03,1,0,0,1,0
1219076,26,7,5.75,2022-02-04,0,0,1,1,0
1219876,51,7,6.17,2022-02-05,0,0,1,1,0
1221384,9,7,6.55,2022-02-07,1,0,0,0,1
1224168,26,7,5.75,2022-02-08,1,0,0,1,0
1226614,51,15,5.62,2022-02-09,0,1,0,1,0
1229697,51,10,6.45,2022-02-11,1,0,0,1,0
1232612,2,7,6.27,2022-02-14,1,0,0,1,0
1237879,19,13,5.38,2022-02-16,1,0,0,1,0
1238145,51,7,6.17,2022-02-17,0,0,1,1,0
1241559,2,7,6.27,2022-02-18,0,0,1,1,0
1242405,51,15,5.62,2022-02-20,0,1,0,1,0
1242725,44,13,4.13,2022-02-21,0,0,1,1,0
1246547,47,16,6.17,2022-02-23,0,0,1,1,0
1250463,51,15,5.62,2022-02-24,0,0,1,1,0
1251543,51,15,5.62,2022-02-25,0,1,0,1,0
1253283,26,7,5.75,2022-02-27,0,1,0,1,0
1255151,13,7,6.32,2022-02-28,0,1,0,1,0
1256737,5,13,4.18,2022-03-01,1,0,0,1,0
1259735,7,12,7.26,2022-03-02,0,0,1,1,0
1262509,13,7,6.32,2022-03-03,0,1,0,1,0
1263292,51,7,6.17,2022-03-04,0,1,0,1,0
1265033,41,7,9.22,2022-03-06,1,0,0,1,0
1265177,50,7,6.92,2022-03-07,1,0,0,1,0
1269042,41,1,6.68,2022-03-08,0,1,0,1,0
1269995,30,13,7.73,2022-03-09,0,0,1,1,0
1272399,41,7,6.52,2022-03-10,0,1,0,1,0
1273907,51,1,6.33,2022-03-11,0,1,0,1,0
1275454,51,7,6.17,2022-03-13,1,0,0,1,0
1276551,7,7,6.57,2022-03-14,1,0,0,1,0
1277735,51,7,6.17,2022-03-15,0,1,0,1,0
1281065,47,7,6.7,2022-03-16,0,1,0,1,0
1281997,9,7,7,2022-03-17,0,1,0,0,1
1284866,9,7,6.55,2022-03-18,1,0,0,0,1
1285176,51,7,6.17,2022-03-19,0,0,1,1,0
1288920,38,7,5.72,2022-03-22,0,0,1,1,0
1290004,51,7,6.17,2022-03-23,0,0,1,1,0
1293010,30,12,6.75,2022-03-24,0,0,1,1,0
1294341,20,12,7.19,2022-03-25,0,1,0,1,0
1296174,2,7,6.27,2022-03-28,0,0,1,1,0
1298929,51,15,5.62,2022-03-30,0,0,1,1,0
1301673,57,7,4.87,2022-03-31,0,0,1,1,0
1304224,9,7,6.55,2022-04-01,0,0,1,0,1
1328794,41,7,9.22,2022-04-20,1,0,0,1,0
1329965,9,7,7,2022-04-21,1,0,0,0,1
1331744,19,10,6.65,2022-04-22,0,1,0,1,0
1333227,7,7,6.57,2022-04-23,1,0,0,1,0
1333494,49,10,6.48,2022-04-24,1,0,0,1,0
1334716,20,7,6.95,2022-04-25,1,0,0,1,0
1337175,56,7,8.17,2022-04-26,0,1,0,0,1
1339395,51,7,6.17,2022-04-27,0,1,0,1,0
1342761,51,9,6.25,2022-04-28,0,0,1,1,0
1346763,51,7,6.17,2022-04-30,1,0,0,1,0
1347137,51,7,6.17,2022-05-01,0,0,1,1,0
1369088,30,10,6.3,2022-05-11,1,0,0,1,0
1370993,9,7,6.55,2022-05-12,0,0,1,0,1
1372746,20,7,6.5,2022-05-13,0,1,0,1,0
1374624,37,6,5.23,2022-05-14,0,1,0,1,0
1374868,36,6,5.16,2022-05-15,0,1,0,1,0
1376418,9,7,7,2022-05-16,0,0,1,0,1
1378971,7,4,9.39,2022-05-17,1,0,0,1,0
1379554,20,4,6.62,2022-05-18,1,0,0,1,0
1381980,0,7,6.35,2022-05-19,1,0,0,1,0
1383917,51,7,6.17,2022-05-20,0,1,0,1,0
1385231,47,7,6.25,2022-05-21,0,1,0,1,0
1385428,51,15,5.62,2022-05-22,1,0,0,1,0
1387397,41,7,6.52,2022-05-24,0,0,1,1,0
1390789,2,7,6.27,2022-05-25,0,0,1,1,0
1392416,40,7,6.1,2022-05-26,0,0,1,1,0
1394548,36,6,5.16,2022-05-27,0,1,0,1,0
1394796,28,7,6.05,2022-05-28,0,0,1,1,0
1394997,7,7,6.57,2022-05-29,0,1,0,1,0
1396866,2,7,6.27,2022-05-31,0,0,1,1,0
1398037,51,7,6.17,2022-06-01,0,0,1,1,0
1409784,51,7,6.17,2022-06-09,0,1,0,1,0
1411797,41,7,6.97,2022-06-10,1,0,0,1,0
1412747,36,6,5.16,2022-06-11,0,1,0,1,0
1412939,41,7,6.52,2022-06-12,0,0,1,1,0
1414100,28,7,6.05,2022-06-13,0,0,1,1,0
1415610,7,7,6.57,2022-06-14,0,1,0,1,0
1417807,7,7,6.57,2022-06-15,1,0,0,1,0
1421536,49,7,6.2,2022-06-18,0,0,1,1,0
1424408,56,4,6.04,2022-06-21,1,0,0,0,1
1425425,48,7,5.45,2022-06-22,0,0,1,1,0
1427531,7,10,7.3,2022-06-23,1,0,0,1,0
1429199,9,7,6.55,2022-06-24,1,0,0,0,1
1429698,36,6,5.12,2022-06-25,0,1,0,1,0
1430790,0,7,6.35,2022-06-27,1,0,0,1,0
1432223,51,10,6.45,2022-06-28,0,1,0,1,0
1434013,51,7,6.17,2022-06-29,0,0,1,1,0
1435816,51,7,6.17,2022-06-30,0,0,1,1,0
1437505,9,7,6.55,2022-07-01,1,0,0,0,1
1459295,9,10,9.53,2022-07-19,0,0,1,0,1
1460743,7,10,7.3,2022-07-20,0,1,0,1,0
1462417,9,7,6.55,2022-07-21,0,1,0,0,1
1464991,19,10,6.65,2022-07-22,0,0,1,1,0
1465476,51,7,6.17,2022-07-23,0,0,1,1,0
1465605,51,7,6.17,2022-07-24,0,0,1,1,0
1467020,13,7,6.32,2022-07-25,0,1,0,1,0
1468124,51,0,6.37,2022-07-26,0,0,1,1,0
1473104,41,7,8.77,2022-07-27,1,0,0,1,0
1475247,44,13,4.13,2022-07-28,0,0,1,1,0
1478557,51,7,6.17,2022-07-31,0,0,1,1,0
1479455,51,15,5.62,2022-08-01,0,0,1,1,0
1481024,51,7,6.17,2022-08-02,1,0,0,1,0
1483712,51,7,6.17,2022-08-03,0,0,1,1,0
1491635,7,7,6.57,2022-08-06,0,0,1,1,0
1492231,7,7,6.57,2022-08-07,0,0,1,1,0
1493681,47,16,6.17,2022-08-08,1,0,0,1,0
1495208,51,7,6.17,2022-08-09,0,0,1,1,0
1498992,2,7,6.27,2022-08-10,0,0,1,1,0
1499888,41,7,6.52,2022-08-11,0,0,1,1,0
1504112,51,7,6.17,2022-08-14,1,0,0,1,0
1505646,22,7,5.95,2022-08-15,0,1,0,1,0
1507470,35,7,6.45,2022-08-16,1,0,0,1,0
1508352,51,7,6.17,2022-08-17,0,0,1,1,0
1510832,51,7,6.17,2022-08-18,0,1,0,1,0
1511689,44,13,4.13,2022-08-19,0,0,1,1,0
1514130,51,7,6.62,2022-08-22,1,0,0,1,0
1516292,56,7,5.92,2022-08-23,1,0,0,0,1
1518028,57,7,4.87,2022-08-24,0,0,1,1,0
1518495,44,13,4.13,2022-08-25,0,0,1,1,0
1521569,41,7,8.77,2022-08-26,0,1,0,1,0
1521766,10,7,5.57,2022-08-27,0,1,0,1,0
1521996,38,7,8.42,2022-08-28,0,0,1,1,0
1522997,9,7,7,2022-08-29,0,0,1,0,1
1525249,30,0,9,2022-08-30,0,0,1,1,0
1526458,26,7,6.2,2022-08-31,0,0,1,1,0
1528404,35,7,6.45,2022-09-01,0,0,1,1,0
1530271,47,7,6.25,2022-09-02,0,0,1,1,0
1530851,51,7,6.17,2022-09-03,0,1,0,1,0
1531160,50,7,6.47,2022-09-04,0,0,1,1,0
1533324,30,5,6.14,2022-09-06,1,0,0,1,0
1534870,7,5,6.61,2022-09-07,1,0,0,1,0
1538198,51,7,6.17,2022-09-09,0,1,0,1,0
1539161,51,7,6.17,2022-09-10,0,0,1,1,0
1540785,57,7,4.87,2022-09-12,0,0,1,1,0
1541492,19,13,5.38,2022-09-13,0,1,0,1,0
1544108,30,13,7.28,2022-09-14,0,0,1,1,0
1545483,30,13,7.73,2022-09-15,0,0,1,1,0
1547732,57,7,4.87,2022-09-16,0,0,1,1,0
1549522,41,12,6.76,2022-09-19,0,0,1,1,0
1551555,44,13,4.13,2022-09-20,0,0,1,1,0
1552142,51,7,6.17,2022-09-21,0,1,0,1,0
1555435,9,7,6.55,2022-09-22,0,0,1,0,1
1556290,13,7,6.77,2022-09-23,1,0,0,1,0
1557001,1,14,4.56,2022-09-24,1,0,0,1,0
1557068,51,7,6.17,2022-09-25,0,1,0,1,0
1558560,7,7,9.27,2022-09-26,0,0,1,1,0
1560206,12,7,6.87,2022-09-27,0,0,1,1,0
1561389,9,7,6.55,2022-09-28,0,0,1,0,1
1562821,51,7,6.17,2022-09-29,0,1,0,1,0
1564868,9,7,6.55,2022-09-30,0,0,1,0,1
1565482,56,7,5.92,2022-10-01,0,1,0,0,1
1587920,30,10,9,2022-10-18,0,0,1,1,0
1589129,9,10,7.28,2022-10-19,0,0,1,0,1
1592786,0,10,6.63,2022-10-20,0,0,1,1,0
1594226,41,7,6.52,2022-10-21,0,0,1,1,0
1594343,51,7,6.17,2022-10-22,0,0,1,1,0
1594536,51,7,6.17,2022-10-23,1,0,0,1,0
1595355,51,7,6.17,2022-10-24,0,0,1,1,0
1597683,2,7,6.27,2022-10-25,0,0,1,1,0
1601455,51,7,6.17,2022-10-26,0,0,1,1,0
1602335,51,7,6.17,2022-10-27,0,0,1,1,0
1607097,51,15,5.62,2022-10-29,0,0,1,1,0
1608903,47,12,6.49,2022-10-31,0,0,1,1,0
1610687,51,7,6.17,2022-11-01,0,0,1,1,0
1613337,51,7,6.17,2022-11-02,0,0,1,1,0
1615939,9,7,6.55,2022-11-03,1,0,0,0,1
1622366,9,7,6.55,2022-11-07,0,0,1,0,1
1625639,30,13,7.73,2022-11-08,0,0,1,1,0
1629899,51,7,6.17,2022-11-10,0,0,1,1,0
1633391,56,7,5.92,2022-11-11,0,0,1,0,1
1636332,51,7,6.17,2022-11-14,0,0,1,1,0
1638385,9,7,7,2022-11-15,0,0,1,0,1
1640095,44,13,4.13,2022-11-16,1,0,0,1,0
1642567,13,7,6.32,2022-11-17,0,0,1,1,0
1643708,9,0,6.75,2022-11-18,0,0,1,0,1
1648005,51,7,6.17,2022-11-22,1,0,0,1,0
1649298,30,18,5.98,2022-11-23,0,0,1,1,0
1650814,47,7,6.25,2022-11-24,0,0,1,1,0
1653196,57,7,4.87,2022-11-28,0,1,0,1,0
1655159,7,7,6.57,2022-11-29,0,1,0,1,0
1657616,7,0,6.77,2022-11-30,0,1,0,1,0
1658140,54,14,6.59,2022-12-01,0,0,1,1,0
1660122,51,7,6.17,2022-12-02,1,0,0,1,0
1661554,51,7,6.17,2022-12-03,0,1,0,1,0
1661744,51,7,6.17,2022-12-04,0,0,1,1,0
1665163,7,0,6.77,2022-12-06,0,1,0,1,0
1665604,39,7,5.77,2022-12-07,0,1,0,1,0
1668152,51,7,6.17,2022-12-08,0,1,0,1,0
1670203,9,7,6.55,2022-12-09,0,0,1,0,1
1670907,1,14,4.11,2022-12-11,0,0,1,1,0
1672190,9,17,5.91,2022-12-12,0,0,1,0,1
1673756,2,7,6.27,2022-12-13,0,0,1,1,0
1674675,51,7,6.17,2022-12-14,0,1,0,1,0
1677300,1,14,6.81,2022-12-15,1,0,0,1,0
1679150,35,7,6.9,2022-12-16,1,0,0,1,0
1680622,51,7,6.17,2022-12-19,1,0,0,1,0
1682087,2,7,6.27,2022-12-20,1,0,0,1,0
1684519,30,13,7.73,2022-12-21,0,0,1,1,0
1684682,20,7,6.95,2022-12-22,0,1,0,1,0
1686310,51,7,6.17,2022-12-23,0,1,0,1,0
1687684,51,7,6.17,2022-12-27,0,0,1,1,0
1689299,56,7,5.92,2022-12-28,0,0,1,0,1
1689890,30,13,7.73,2022-12-29,0,0,1,1,0
1691785,51,7,6.17,2022-12-31,0,1,0,1,0
1715441,7,0,9.47,2023-01-19,0,1,0,1,0
1716137,9,10,7.28,2023-01-20,0,0,1,0,1
1717439,49,10,6.93,2023-01-21,0,1,0,1,0
1717621,49,7,6.2,2023-01-22,0,0,1,1,0
1718726,22,7,5.95,2023-01-23,0,0,1,1,0
1719950,51,10,6.45,2023-01-24,0,0,1,1,0
1723033,51,7,6.17,2023-01-25,0,0,1,1,0
1724140,51,0,6.37,2023-01-26,0,1,0,1,0
1727574,51,7,6.17,2023-01-27,0,0,1,1,0
1727840,51,7,6.17,2023-01-28,0,1,0,1,0
1728030,51,7,6.17,2023-01-29,0,0,1,1,0
1729471,47,16,6.17,2023-01-30,0,0,1,1,0
1730546,51,7,6.17,2023-01-31,0,0,1,1,0
1734544,20,7,6.5,2023-02-01,0,1,0,1,0
1735645,51,7,6.17,2023-02-02,0,0,1,1,0
1737755,1,14,4.11,2023-02-03,0,0,1,1,0
1739063,7,7,6.57,2023-02-04,0,1,0,1,0
1741027,56,7,5.92,2023-02-06,0,0,1,0,1
1742602,44,13,4.13,2023-02-07,0,0,1,1,0
1745229,41,7,9.22,2023-02-08,0,1,0,1,0
1746143,51,7,6.17,2023-02-09,1,0,0,1,0
1748462,5,13,4.18,2023-02-10,1,0,0,1,0
1751632,9,7,6.55,2023-02-13,0,0,1,0,1
1754129,30,13,5.03,2023-02-14,0,1,0,1,0
1754635,51,7,6.17,2023-02-15,1,0,0,1,0
1760270,9,7,6.55,2023-02-17,0,1,0,0,1
1760851,51,7,6.17,2023-02-19,0,0,1,1,0
1764652,19,0,6.65,2023-02-22,0,0,1,1,0
1767231,54,14,7.04,2023-02-23,0,0,1,1,0
1769412,41,7,6.52,2023-02-24,0,1,0,1,0
1772841,9,7,6.55,2023-02-27,1,0,0,0,1
1774177,51,7,6.17,2023-02-28,0,0,1,1,0
1777001,7,7,6.57,2023-03-01,0,0,1,1,0
1778648,41,7,6.52,2023-03-02,1,0,0,1,0
1780998,51,7,6.17,2023-03-03,0,1,0,1,0
1784011,3,7,5.32,2023-03-06,0,0,1,0,1
1786698,44,13,4.13,2023-03-07,0,0,1,1,0
1788072,7,7,8.82,2023-03-08,1,0,0,1,0
1796070,51,7,6.17,2023-03-14,0,0,1,1,0
1799114,56,7,5.92,2023-03-15,0,1,0,0,1
1800529,39,7,5.77,2023-03-16,0,0,1,1,0
1805066,56,7,5.92,2023-03-20,0,1,0,0,1
1805599,30,13,7.28,2023-03-21,1,0,0,1,0
1807561,19,13,5.38,2023-03-22,0,0,1,1,0
1810802,9,7,6.55,2023-03-23,0,0,1,0,1
1812042,30,13,7.28,2023-03-24,0,0,1,1,0
1812508,49,7,6.2,2023-03-25,0,0,1,1,0
1812575,56,7,5.92,2023-03-26,0,0,1,0,1
1813622,51,7,6.17,2023-03-27,0,0,1,1,0
1815283,51,7,6.17,2023-03-28,0,0,1,1,0
1819587,35,7,8.7,2023-03-30,0,0,1,1,0
1821483,47,7,6.25,2023-03-31,0,1,0,1,0
1842689,7,7,9.27,2023-04-18,1,0,0,1,0
1844121,41,10,7.25,2023-04-19,1,0,0,1,0
1846447,19,10,7.1,2023-04-20,1,0,0,1,0
1847557,51,10,6.9,2023-04-21,1,0,0,1,0
1848993,0,0,6.55,2023-04-22,0,1,0,1,0
1849132,51,10,6.45,2023-04-23,1,0,0,1,0
1851320,41,7,8.77,2023-04-24,0,0,1,1,0
1852337,51,10,6.45,2023-04-25,1,0,0,1,0
1855108,30,13,7.28,2023-04-26,1,0,0,1,0
1857690,51,7,6.17,2023-04-27,0,0,1,1,0
1860125,51,7,6.17,2023-04-28,0,1,0,1,0
1862019,51,7,6.17,2023-04-29,0,1,0,1,0
1864323,22,7,5.95,2023-05-01,1,0,0,1,0
1866645,1,14,4.11,2023-05-02,0,1,0,1,0
1871358,51,15,5.62,2023-05-04,1,0,0,1,0
1876192,51,7,6.17,2023-05-07,0,1,0,1,0
1876947,27,14,5.04,2023-05-08,0,1,0,1,0
1880328,27,14,5.04,2023-05-09,0,0,1,1,0
1884224,30,13,5.03,2023-05-10,1,0,0,1,0
1885844,30,13,5.03,2023-05-11,0,0,1,1,0
1887792,41,7,9.22,2023-05-12,1,0,0,1,0
1896272,41,7,9.22,2023-05-17,0,0,1,1,0
1897821,30,13,7.28,2023-05-18,0,0,1,1,0
1899234,22,7,5.95,2023-05-19,0,0,1,1,0
1900290,51,7,6.17,2023-05-20,0,0,1,1,0
1901984,47,16,6.17,2023-05-22,0,0,1,1,0
1904025,7,7,9.27,2023-05-23,0,1,0,1,0
1904652,20,7,6.95,2023-05-24,0,1,0,1,0
1908135,35,7,8.7,2023-05-25,1,0,0,1,0
1909069,51,7,6.17,2023-05-26,0,0,1,1,0
1910581,49,7,6.2,2023-05-27,0,0,1,1,0
1911198,51,7,6.17,2023-05-29,0,0,1,1,0
1914294,30,13,7.28,2023-05-31,0,0,1,1,0
1918002,41,7,9.22,2023-06-01,1,0,0,1,0
1919440,20,7,6.95,2023-06-02,1,0,0,1,0
1919660,51,7,6.17,2023-06-03,0,1,0,1,0
1923944,41,0,8.97,2023-06-06,0,0,1,1,0
1925279,9,7,7,2023-06-07,0,0,1,0,1
1926986,5,13,4.63,2023-06-08,0,0,1,1,0
1927909,30,13,7.28,2023-06-09,0,0,1,1,0
1929256,49,7,6.65,2023-06-10,0,0,1,1,0
1929386,51,7,6.62,2023-06-11,0,0,1,1,0
1931093,30,13,7.73,2023-06-12,0,0,1,1,0
1932251,30,13,7.28,2023-06-13,0,0,1,1,0
1933754,30,13,7.28,2023-06-14,0,0,1,1,0
1936640,56,7,5.92,2023-06-15,0,0,1,0,1
1937931,57,7,4.87,2023-06-16,0,0,1,1,0
1939564,41,7,6.52,2023-06-19,0,1,0,1,0
1941006,44,13,4.13,2023-06-20,1,0,0,1,0
1941722,8,7,6,2023-06-21,0,0,1,0,1
1943503,41,0,8.97,2023-06-22,0,1,0,1,0
1946265,56,7,5.92,2023-06-23,0,1,0,0,1
1946843,51,7,6.17,2023-06-24,0,0,1,1,0
1948374,9,7,6.55,2023-06-26,0,0,1,0,1
1951311,30,13,7.28,2023-06-28,0,0,1,1,0
1953133,30,13,7.28,2023-06-29,0,0,1,1,0
1955105,51,7,6.17,2023-06-30,0,0,1,1,0
1978967,41,10,9.5,2023-07-19,0,0,1,1,0
1980914,7,10,7.3,2023-07-20,1,0,0,1,0
1981994,19,10,7.1,2023-07-21,0,0,1,1,0
1984568,30,10,8.55,2023-07-24,0,0,1,1,0
1986461,51,10,6.45,2023-07-25,0,0,1,1,0
1988366,51,7,6.17,2023-07-26,0,0,1,1,0
1991575,51,7,6.17,2023-07-27,0,0,1,1,0
1994404,51,7,6.17,2023-07-28,0,0,1,1,0
1996952,51,7,6.17,2023-07-31,0,1,0,1,0
2010311,27,14,5.04,2023-08-07,0,0,1,1,0
2012023,9,7,6.55,2023-08-08,0,1,0,0,1
2016446,0,7,6.35,2023-08-09,0,0,1,1,0
2022138,41,7,9.22,2023-08-14,0,0,1,1,0
2023751,39,7,6.22,2023-08-15,0,0,1,1,0
2024971,51,7,6.62,2023-08-16,0,0,1,1,0
2028595,41,7,8.77,2023-08-18,0,0,1,1,0
2032969,42,7,5.7,2023-08-22,1,0,0,1,0
2034178,41,7,8.77,2023-08-23,0,0,1,1,0
2035415,51,7,6.17,2023-08-24,0,0,1,1,0
2038319,9,7,6.55,2023-08-25,0,0,1,0,1
2038921,35,7,6.45,2023-08-28,0,0,1,1,0
2041998,39,7,5.77,2023-08-29,0,0,1,1,0
2043450,39,7,5.77,2023-08-30,0,0,1,1,0
2045961,7,7,8.82,2023-08-31,1,0,0,1,0
2047171,56,7,5.92,2023-09-01,1,0,0,0,1
2050465,44,10,5.4,2023-09-05,0,1,0,1,0
2052018,37,1,5.35,2023-09-06,0,1,0,1,0
2053754,51,7,6.17,2023-09-07,0,0,1,1,0
2056209,41,7,8.77,2023-09-08,0,0,1,1,0
2060052,57,7,4.87,2023-09-12,0,0,1,1,0
2062298,30,1,8.51,2023-09-13,1,0,0,1,0
2063306,30,13,7.28,2023-09-14,0,0,1,1,0
2064875,51,10,6.9,2023-09-15,0,1,0,1,0
2066605,41,7,8.77,2023-09-17,0,0,1,1,0
2066797,51,7,6.62,2023-09-18,0,0,1,1,0
2068605,19,13,5.38,2023-09-19,0,1,0,1,0
2071222,41,7,8.77,2023-09-20,1,0,0,1,0
2073240,27,14,5.04,2023-09-21,0,1,0,1,0
2074970,27,7,6.07,2023-09-22,1,0,0,1,0
2075344,34,14,4.84,2023-09-23,0,1,0,1,0
2076815,35,7,6.45,2023-09-25,0,1,0,1,0
2078198,57,7,4.87,2023-09-26,0,0,1,1,0
2079503,18,7,5.47,2023-09-27,0,0,1,1,0
2082643,41,7,8.77,2023-09-28,1,0,0,1,0
2084727,35,7,6.45,2023-09-30,0,1,0,1,0
2109783,13,10,9.3,2023-10-18,0,0,1,1,0
2111310,9,10,7.28,2023-10-19,0,0,1,0,1
2113960,9,7,6.55,2023-10-20,0,0,1,0,1
2114330,51,7,6.17,2023-10-21,0,0,1,1,0
2114501,51,7,6.17,2023-10-22,0,0,1,1,0
2115296,7,7,8.82,2023-10-23,1,0,0,1,0
2117903,2,10,6.55,2023-10-24,0,0,1,1,0
2119360,51,7,6.17,2023-10-25,0,0,1,1,0
2123241,44,13,4.13,2023-10-26,0,0,1,1,0
2126665,51,7,6.17,2023-10-27,0,0,1,1,0
2126977,51,7,6.17,2023-10-28,0,0,1,1,0
2129771,51,7,6.17,2023-10-31,0,0,1,1,0
2133324,7,7,8.82,2023-11-01,0,0,1,1,0
2135247,51,7,6.17,2023-11-02,1,0,0,1,0
2140149,38,7,5.72,2023-11-03,0,0,1,1,0
2140431,51,7,6.17,2023-11-04,0,0,1,1,0
2141487,9,7,6.55,2023-11-06,0,0,1,0,1
2143756,51,7,6.17,2023-11-07,0,0,1,1,0
2148323,41,7,8.77,2023-11-08,0,0,1,1,0
2152907,9,7,6.55,2023-11-10,0,0,1,0,1
2155088,2,10,6.55,2023-11-13,0,0,1,1,0
2156193,18,7,5.47,2023-11-14,0,1,0,1,0
2159316,9,7,6.55,2023-11-15,0,1,0,0,1
2161470,36,6,4.84,2023-11-16,0,1,0,1,0
2163679,57,10,5.15,2023-11-17,0,0,1,1,0
2164690,44,13,4.13,2023-11-20,0,0,1,1,0
2169509,27,14,5.04,2023-11-22,0,0,1,1,0
2170332,19,13,5.38,2023-11-23,0,1,0,1,0
2170985,35,7,6.45,2023-11-24,1,0,0,1,0
2172807,2,7,6.27,2023-11-27,0,0,1,1,0
2174365,37,0,5.35,2023-11-28,0,1,0,1,0
2176649,7,7,8.82,2023-11-29,0,0,1,1,0
2178319,51,7,6.17,2023-11-30,0,0,1,1,0
2179691,41,7,8.77,2023-12-01,1,0,0,1,0
2180827,51,7,6.17,2023-12-02,0,0,1,1,0
2182845,39,0,5.97,2023-12-04,0,0,1,1,0
2184522,0,7,6.35,2023-12-05,1,0,0,1,0
2186204,57,7,4.87,2023-12-06,0,1,0,1,0
2187959,9,7,6.55,2023-12-07,0,0,1,0,1
2191265,41,7,8.77,2023-12-11,0,0,1,1,0
2193565,7,7,7.02,2023-12-12,0,0,1,1,0
2194518,9,7,7,2023-12-13,0,1,0,0,1
2196501,2,7,6.27,2023-12-14,1,0,0,1,0
2197677,34,14,7.09,2023-12-15,0,0,1,1,0
2200707,28,7,6.05,2023-12-18,0,0,1,1,0
2202811,57,7,4.87,2023-12-19,0,0,1,1,0
2203639,44,13,4.13,2023-12-20,0,0,1,1,0
2205527,27,10,6.35,2023-12-21,0,0,1,1,0
2206590,13,7,6.32,2023-12-22,0,0,1,1,0
2207857,31,7,5.42,2023-12-26,0,0,1,1,0
2209428,27,14,5.04,2023-12-27,0,1,0,1,0
2209799,51,7,6.17,2023-12-28,0,0,1,1,0
2211934,57,7,4.87,2023-12-29,0,1,0,1,0
